사용주차,person,category,actual,responded,reported_occurrence,reported_amount,category_correct
1,300,데이트,0.0,True,False,,True
1,300,모임,28800.0,True,True,30360.50633655421,True
1,301,생활,0.0,False,False,,False
1,301,자기관리,0.0,True,False,,True
1,302,구독,18300.0,True,True,16778.847824219352,True
1,302,외식,19700.0,True,False,,True
1,303,생활,50800.0,True,True,48805.72763349771,False
1,303,외식,38600.0,True,True,41744.65205187116,True
1,304,데이트,58100.0,True,True,54470.787143669135,False
1,304,모임,29400.0,False,True,,False
1,305,모임,54000.0,True,True,49119.268949411475,True
1,305,생활,26200.0,True,True,28035.83738814701,True
1,306,모임,25900.0,True,True,26979.91533825849,True
1,306,생활,0.0,True,False,,True
1,307,데이트,124600.0,True,True,121128.64100258333,True
1,307,생활,0.0,True,False,,True
1,308,생활,0.0,True,False,,True
1,308,외식,0.0,True,False,,True
1,309,모임,0.0,True,False,,True
1,309,생활,45500.0,True,True,45156.537745495596,True
1,310,생활,39200.0,False,True,,False
1,310,외식,34600.0,True,True,35000.845712677336,True
1,311,모임,0.0,True,False,,True
1,311,외식,26500.0,True,True,30470.796547666705,False
1,312,모임,0.0,True,False,,True
1,312,생활,27700.0,True,True,26693.213354446903,True
1,313,데이트,93000.0,True,True,87367.45808055378,True
1,313,생활,0.0,True,False,,True
1,314,생활,0.0,True,False,,True
1,314,외식,51700.0,True,True,53970.843452987654,False
1,315,생활,0.0,True,False,,True
1,315,카페,56000.0,False,True,,False
1,316,생활,17400.0,True,True,19260.82270486182,False
1,316,카페,18700.0,True,True,16897.951310216064,True
1,317,모임,0.0,True,False,,True
1,317,생활,21500.0,True,True,17456.24700915782,True
1,318,모임,0.0,True,False,,True
1,318,생활,28100.0,True,True,25875.81278924499,True
1,319,데이트,0.0,False,False,,False
1,319,생활,0.0,True,False,,True
1,320,모임,40700.0,True,True,40817.82046640239,True
1,320,생활,0.0,True,False,,False
1,321,데이트,113200.0,True,True,113849.02041443324,True
1,321,생활,41500.0,True,True,49881.02711485161,True
1,322,모임,0.0,True,False,,False
1,322,생활,0.0,False,False,,False
1,323,모임,0.0,True,False,,True
1,323,생활,42100.0,False,True,,False
1,324,생활,34300.0,True,True,31827.66466816583,True
1,324,외식,0.0,True,False,,True
1,325,모임,58900.0,True,True,62492.70679513669,True
1,325,생활,28700.0,True,True,25102.688780661872,True
1,326,모임,0.0,True,False,,True
1,326,생활,43300.0,True,True,43732.272329054395,True
1,327,모임,0.0,True,False,,False
1,327,생활,42300.0,True,True,36679.78277139366,True
1,328,데이트,0.0,True,True,77734.05512376125,True
1,328,생활,0.0,True,False,,False
1,329,데이트,89500.0,True,False,,True
1,329,모임,0.0,True,False,,True
1,330,외식,0.0,False,False,,False
1,330,카페,34900.0,True,True,31100.196654522493,True
1,331,생활,0.0,True,False,,True
1,331,외식,24300.0,False,True,,False
1,332,모임,31700.0,True,False,,True
1,332,생활,37200.0,True,True,32944.305670709306,True
1,333,생활,0.0,True,False,,True
1,333,자기관리,0.0,True,False,,True
1,334,생활,17800.0,True,True,15650.92708314312,True
1,334,외식,35500.0,True,True,41035.67992927109,True
1,335,데이트,0.0,False,False,,False
1,335,생활,29000.0,True,True,30601.07841107711,True
1,336,모임,73900.0,True,True,76530.84045570574,False
1,336,생활,32500.0,False,True,,False
1,337,외식,32200.0,True,True,30415.030081546975,True
1,337,카페,5600.0,True,True,5690.288585627943,True
1,338,데이트,0.0,True,False,,True
1,338,외식,0.0,True,False,,True
1,339,데이트,152700.0,True,True,139566.33496947633,True
1,339,모임,0.0,True,False,,True
1,340,모임,79800.0,True,True,72760.68205762464,True
1,340,생활,21400.0,True,True,20631.38576135193,True
1,341,생활,53700.0,True,True,49790.019739306845,True
1,341,외식,9000.0,True,True,10325.90576780435,True
1,342,데이트,62700.0,True,True,63778.28332797236,True
1,342,생활,32900.0,True,True,28207.499380010988,True
1,343,자기관리,0.0,True,False,,True
1,343,카페,14600.0,True,True,17580.600458023473,True
1,344,생활,44700.0,True,True,36428.463124635746,True
1,344,외식,0.0,True,False,,True
1,345,생활,46100.0,True,True,40430.96792696986,True
1,345,외식,19700.0,False,True,,False
1,346,생활,46000.0,True,True,43843.575956213615,True
1,346,외식,0.0,True,False,,False
1,347,데이트,50000.0,True,True,51737.45933645179,False
1,347,생활,33600.0,False,True,,False
1,348,생활,41200.0,True,True,51412.15293883572,True
1,348,외식,15000.0,True,True,14629.07712621144,True
1,349,모임,0.0,True,False,,False
1,349,생활,0.0,True,False,,True
1,350,데이트,0.0,True,False,,True
1,350,생활,44200.0,True,True,44439.15792614213,True
1,351,모임,0.0,False,False,,False
1,351,생활,0.0,True,False,,True
1,352,생활,33800.0,True,True,38089.8691075124,True
1,352,외식,0.0,False,False,,False
1,353,모임,0.0,True,False,,True
1,353,생활,27800.0,True,True,28791.51961033051,True
1,354,데이트,44800.0,True,True,44566.55941114369,True
1,354,모임,56700.0,True,True,62435.52523963504,True
1,355,모임,49800.0,True,True,49612.87485318545,True
1,355,외식,0.0,True,False,,True
1,356,데이트,0.0,True,False,,True
1,356,생활,0.0,True,False,,True
1,357,모임,51200.0,True,True,54559.445769221034,False
1,357,자기관리,0.0,True,False,,True
1,358,생활,0.0,True,False,,True
1,358,카페,28800.0,True,True,29470.577394677217,True
1,359,모임,59400.0,True,False,,True
1,359,생활,0.0,True,False,,True
1,360,모임,0.0,False,False,,False
1,360,생활,95300.0,True,True,75250.35815208351,True
1,361,모임,128200.0,True,True,126102.84377049243,True
1,361,생활,0.0,True,False,,True
1,362,데이트,74800.0,True,True,63914.5422372909,True
1,362,외식,11800.0,True,True,12770.497266658755,True
1,363,데이트,75400.0,True,True,89565.880021014,True
1,363,모임,48400.0,False,True,,False
1,364,데이트,0.0,True,False,,True
1,364,모임,63700.0,True,False,,False
1,365,모임,89500.0,False,True,,False
1,365,생활,21400.0,True,True,20673.14147720335,True
1,366,모임,37900.0,True,True,41388.63412154466,True
1,366,생활,32100.0,True,True,36111.22884707914,True
1,367,데이트,0.0,True,False,,True
1,367,생활,27100.0,False,True,,False
1,368,모임,28900.0,True,False,,True
1,368,생활,0.0,True,False,,True
1,369,생활,49800.0,True,True,46258.81250740166,True
1,369,외식,28200.0,True,True,26263.448933530377,True
1,370,모임,47800.0,True,True,51513.17083528542,True
1,370,생활,0.0,False,False,,False
1,371,모임,35700.0,True,True,36343.11379044292,True
1,371,생활,0.0,True,True,43015.22657407969,True
1,372,외식,32500.0,True,True,33654.4614341648,True
1,372,자기관리,0.0,True,True,32502.416829070993,True
1,373,외식,12000.0,True,True,14394.62805169017,True
1,373,자기관리,0.0,True,False,,True
1,374,데이트,0.0,False,False,,False
1,374,생활,0.0,True,False,,True
1,375,모임,0.0,True,False,,True
1,375,생활,0.0,True,False,,True
1,376,생활,37000.0,True,True,32635.575435451487,True
1,376,외식,13200.0,True,True,15524.815680649192,False
1,377,모임,0.0,True,False,,True
1,377,외식,0.0,True,False,,True
1,378,생활,43900.0,False,True,,False
1,378,외식,18700.0,False,True,,False
1,379,모임,0.0,False,False,,False
1,379,외식,0.0,False,False,,False
1,380,모임,0.0,True,False,,True
1,380,외식,0.0,True,False,,True
1,381,모임,29800.0,True,True,25854.973648550822,True
1,381,생활,24800.0,True,True,29074.645003771628,True
1,382,생활,0.0,True,False,,True
1,382,외식,19700.0,True,True,17346.504509620827,True
1,383,생활,26100.0,True,True,21547.42296969645,True
1,383,외식,0.0,True,False,,True
1,384,모임,0.0,True,False,,True
1,384,생활,29200.0,True,True,28124.632902542548,False
1,385,모임,59900.0,True,True,53716.139027646685,True
1,385,외식,0.0,True,False,,True
1,386,모임,0.0,True,False,,True
1,386,생활,0.0,True,False,,True
1,387,모임,27200.0,True,True,24367.307003971084,True
1,387,생활,58700.0,True,True,60877.54004629521,True
1,388,데이트,85100.0,True,False,,True
1,388,생활,43900.0,True,True,49510.21038617925,True
1,389,생활,27200.0,True,True,22760.37778673698,True
1,389,외식,25700.0,True,True,23739.90793289815,True
1,390,데이트,131800.0,True,True,169294.7498362472,True
1,390,모임,69600.0,False,True,,False
1,391,데이트,0.0,True,False,,True
1,391,모임,0.0,True,False,,True
1,392,모임,0.0,False,False,,False
1,392,생활,45500.0,True,True,46725.51213303425,True
1,393,모임,30900.0,True,True,25704.512318010376,True
1,393,외식,40800.0,True,True,35051.83656903694,True
1,394,데이트,0.0,True,False,,True
1,394,생활,80200.0,False,True,,False
1,395,모임,65100.0,True,True,79248.76565754155,True
1,395,외식,10300.0,False,True,,False
1,396,모임,52700.0,True,False,,True
1,396,생활,36000.0,True,True,41931.548733425465,True
1,397,데이트,86900.0,True,True,83828.18665929031,False
1,397,모임,0.0,True,False,,True
1,398,데이트,0.0,True,False,,True
1,398,모임,58200.0,False,True,,False
1,399,데이트,177700.0,True,True,170451.1629350603,True
1,399,생활,36900.0,False,True,,False
2,300,데이트,73600.0,True,True,55157.78776937184,True
2,300,모임,0.0,True,False,,True
2,301,생활,48000.0,True,True,73350.26690279796,True
2,301,자기관리,0.0,True,True,30571.727016149864,True
2,302,외식,0.0,True,False,,True
2,302,카페,19100.0,True,True,18760.80527969809,True
2,303,생활,29600.0,True,True,33084.46696361605,True
2,303,외식,0.0,True,False,,True
2,304,데이트,62300.0,False,True,,False
2,304,모임,0.0,True,False,,True
2,305,데이트,61800.0,True,True,63852.938579937814,True
2,305,모임,32100.0,True,True,30677.807991758906,True
2,306,모임,0.0,True,True,41474.37533066322,True
2,306,생활,44800.0,True,True,39294.416619977696,True
2,307,데이트,86500.0,True,True,112260.01597129097,True
2,307,생활,20900.0,True,True,21893.741831533596,True
2,308,생활,0.0,True,False,,True
2,308,외식,0.0,True,False,,True
2,309,모임,0.0,True,False,,True
2,309,생활,29400.0,True,True,28912.827374892095,True
2,310,생활,24400.0,True,True,19740.985997129068,True
2,310,외식,0.0,False,False,,False
2,311,모임,16100.0,True,True,16767.39293286813,True
2,311,외식,42200.0,True,True,50593.163911253774,True
2,312,데이트,0.0,False,False,,False
2,312,모임,0.0,True,False,,True
2,313,데이트,0.0,True,False,,True
2,313,생활,0.0,True,False,,True
2,314,생활,29900.0,True,True,28607.831008723693,False
2,314,카페,13300.0,True,True,11842.629686900878,True
2,315,생활,35700.0,True,True,38890.29875577334,True
2,315,카페,12600.0,True,True,13133.189614263156,True
2,316,생활,27200.0,True,True,25838.55585798673,True
2,316,카페,6500.0,True,True,6906.2190195469,True
2,317,모임,166000.0,False,True,,False
2,317,생활,0.0,False,False,,False
2,318,데이트,35500.0,True,True,32930.277089708165,False
2,318,외식,0.0,True,False,,True
2,319,데이트,79700.0,True,True,94057.64886049772,True
2,319,생활,49600.0,True,True,50440.82313446436,True
2,320,모임,55800.0,True,True,49896.97839151204,True
2,320,생활,27700.0,True,True,31542.39182013521,False
2,321,데이트,90900.0,True,True,78115.10641567562,True
2,321,생활,38000.0,True,True,49155.68202342652,True
2,322,모임,0.0,True,False,,True
2,322,생활,31600.0,False,True,,False
2,323,모임,40300.0,True,True,38639.27338058713,True
2,323,생활,0.0,True,False,,True
2,324,생활,0.0,True,False,,True
2,324,외식,54900.0,True,True,65291.25279528649,True
2,325,모임,45600.0,True,True,44704.254825019096,True
2,325,생활,29800.0,False,True,,False
2,326,생활,32200.0,True,True,32763.680969907156,True
2,326,외식,8300.0,True,True,8272.586728294484,True
2,327,데이트,0.0,True,False,,True
2,327,모임,42900.0,False,True,,False
2,328,데이트,0.0,True,False,,True
2,328,생활,36800.0,True,True,43708.77037989221,False
2,329,데이트,0.0,True,False,,True
2,329,모임,62700.0,True,True,63143.02893051922,True
2,330,외식,0.0,False,False,,False
2,330,카페,32400.0,True,True,32278.272854375107,True
2,331,생활,30000.0,True,True,29091.83929729675,True
2,331,외식,36800.0,True,True,31767.588135329974,True
2,332,모임,100500.0,True,True,79394.64240265466,True
2,332,생활,34200.0,True,True,30767.45608060266,True
2,333,생활,38700.0,True,True,39912.081000228594,True
2,333,자기관리,0.0,True,False,,True
2,334,생활,31800.0,True,True,31207.546241908913,True
2,334,외식,0.0,True,False,,True
2,335,모임,23100.0,False,True,,False
2,335,외식,0.0,True,False,,True
2,336,모임,0.0,True,False,,False
2,336,생활,0.0,True,False,,True
2,337,외식,13700.0,False,True,,False
2,337,카페,29200.0,True,True,27390.819356878026,True
2,338,데이트,0.0,True,False,,True
2,338,외식,8500.0,True,True,8409.200939855671,True
2,339,데이트,0.0,True,False,,True
2,339,생활,33600.0,True,True,35490.1404925059,False
2,340,모임,62100.0,True,True,74859.3234332226,True
2,340,생활,29200.0,True,True,31281.893776822275,True
2,341,생활,31100.0,True,True,29351.801264270147,True
2,341,외식,31000.0,False,True,,False
2,342,데이트,0.0,True,False,,True
2,342,생활,30000.0,True,True,34634.96146489106,True
2,343,자기관리,32300.0,True,True,34581.57972773896,True
2,343,카페,16200.0,True,True,16841.760361482906,False
2,344,생활,0.0,False,False,,False
2,344,외식,13200.0,True,True,11703.031202003971,True
2,345,생활,34500.0,False,True,,False
2,345,외식,14800.0,True,True,19364.711721088057,True
2,346,데이트,68400.0,True,True,73733.5332370471,True
2,346,생활,50100.0,False,True,,False
2,347,데이트,0.0,True,True,84052.45533139398,True
2,347,생활,39700.0,True,True,43165.55011153422,True
2,348,생활,0.0,False,False,,False
2,348,외식,0.0,False,False,,False
2,349,모임,0.0,True,False,,True
2,349,생활,22300.0,False,True,,False
2,350,데이트,0.0,True,False,,True
2,350,생활,59900.0,True,True,72951.50182637844,True
2,351,모임,31000.0,True,True,26546.733409958506,True
2,351,생활,39300.0,True,True,35205.92398154426,True
2,352,생활,0.0,True,False,,True
2,352,외식,11300.0,True,True,11332.317322622988,True
2,353,생활,32300.0,True,True,31496.52180827814,True
2,353,외식,42700.0,True,True,39629.81910486422,True
2,354,모임,0.0,True,False,,True
2,354,생활,29300.0,False,True,,False
2,355,모임,0.0,True,False,,True
2,355,생활,0.0,False,False,,False
2,356,데이트,0.0,True,False,,True
2,356,생활,65600.0,True,False,,True
2,357,모임,0.0,True,False,,True
2,357,외식,20600.0,True,True,16900.14593195979,True
2,358,생활,32000.0,True,True,31745.55561451567,True
2,358,카페,29300.0,True,True,28267.513027225854,True
2,359,데이트,0.0,False,False,,False
2,359,생활,32000.0,True,False,,True
2,360,모임,0.0,True,False,,True
2,360,생활,0.0,True,False,,False
2,361,모임,72800.0,True,True,82515.04529071144,True
2,361,생활,33500.0,True,True,31759.897944892196,True
2,362,데이트,0.0,True,False,,True
2,362,외식,14500.0,True,True,15747.273521026673,True
2,363,데이트,0.0,True,False,,False
2,363,모임,41300.0,False,True,,False
2,364,데이트,114400.0,True,True,120569.42034405108,True
2,364,모임,28600.0,True,True,27353.225477650743,True
2,365,모임,0.0,True,False,,True
2,365,생활,0.0,False,False,,False
2,366,모임,37700.0,False,True,,False
2,366,생활,0.0,True,False,,True
2,367,데이트,44700.0,True,True,49478.58352119246,True
2,367,생활,0.0,True,False,,True
2,368,모임,32300.0,True,True,28667.856692859456,True
2,368,생활,28300.0,False,True,,False
2,369,모임,0.0,True,False,,True
2,369,생활,0.0,True,False,,True
2,370,모임,0.0,True,False,,True
2,370,생활,29800.0,True,False,,True
2,371,모임,33900.0,True,True,32641.11018731394,True
2,371,생활,44300.0,True,True,49797.83727153012,True
2,372,외식,0.0,True,False,,True
2,372,자기관리,34200.0,True,True,37796.94414627173,True
2,373,외식,0.0,True,False,,False
2,373,자기관리,0.0,True,False,,True
2,374,데이트,0.0,True,False,,True
2,374,생활,30300.0,False,True,,False
2,375,모임,22300.0,True,True,22581.689399945484,True
2,375,생활,37000.0,True,True,36266.04154483761,True
2,376,생활,42900.0,True,True,40647.16991378096,True
2,376,외식,0.0,True,False,,True
2,377,모임,0.0,True,False,,True
2,377,외식,0.0,False,False,,False
2,378,생활,46200.0,True,True,48868.216967366745,True
2,378,외식,0.0,True,False,,False
2,379,데이트,36200.0,True,True,41938.12704688571,True
2,379,모임,73500.0,True,True,76912.2227624515,False
2,380,모임,0.0,True,False,,True
2,380,외식,0.0,False,False,,False
2,381,모임,0.0,True,False,,True
2,381,생활,0.0,True,False,,True
2,382,모임,40900.0,True,True,39052.83884503255,True
2,382,생활,63200.0,False,True,,False
2,383,모임,45500.0,True,True,44074.08580841685,True
2,383,외식,21200.0,True,True,23445.214120505574,True
2,384,데이트,0.0,True,False,,True
2,384,모임,92800.0,True,False,,True
2,385,모임,129100.0,True,False,,True
2,385,외식,0.0,False,False,,False
2,386,데이트,52800.0,False,True,,False
2,386,생활,49500.0,True,True,49842.0644681004,True
2,387,모임,54200.0,True,True,49121.352535329366,True
2,387,생활,0.0,True,False,,False
2,388,모임,0.0,True,False,,True
2,388,생활,0.0,True,False,,True
2,389,생활,0.0,True,False,,True
2,389,외식,0.0,True,False,,True
2,390,데이트,0.0,True,False,,True
2,390,모임,0.0,True,True,42328.44112238476,True
2,391,데이트,0.0,True,True,70709.66559051795,True
2,391,모임,43400.0,True,True,47980.59817570534,True
2,392,모임,36700.0,True,True,37345.02109992588,True
2,392,생활,0.0,False,False,,False
2,393,모임,0.0,True,False,,True
2,393,외식,8300.0,True,True,8742.334144937733,True
2,394,데이트,0.0,True,False,,False
2,394,생활,0.0,True,False,,True
2,395,데이트,0.0,False,False,,False
2,395,모임,0.0,True,False,,False
2,396,모임,0.0,True,False,,True
2,396,생활,43200.0,False,True,,False
2,397,데이트,0.0,True,False,,True
2,397,모임,30900.0,True,True,32034.61936390606,True
2,398,데이트,65700.0,True,True,52825.21630739688,True
2,398,모임,36500.0,True,True,40033.50139815643,True
2,399,데이트,0.0,True,False,,True
2,399,생활,52200.0,True,True,47296.85066673705,True
3,300,데이트,0.0,True,True,68718.84821082662,True
3,300,모임,30400.0,True,True,29299.90155258075,True
3,301,생활,35200.0,False,True,,False
3,301,자기관리,0.0,True,False,,False
3,302,외식,19500.0,True,True,24061.8920272109,True
3,302,자기관리,0.0,True,False,,True
3,303,생활,37600.0,True,True,40162.497582613076,True
3,303,외식,0.0,True,False,,True
3,304,데이트,64200.0,True,True,61100.279751118935,True
3,304,모임,0.0,True,False,,True
3,305,데이트,0.0,True,False,,True
3,305,생활,25800.0,True,True,26157.034153639666,True
3,306,모임,45100.0,True,False,,True
3,306,생활,31800.0,True,True,32466.705357859704,True
3,307,데이트,0.0,True,False,,True
3,307,생활,26900.0,True,True,27289.46237627642,True
3,308,생활,28800.0,True,True,29558.348161422084,True
3,308,외식,0.0,True,False,,True
3,309,데이트,83000.0,True,True,75455.38789483493,True
3,309,생활,38500.0,True,True,36679.7476585675,True
3,310,모임,26500.0,True,True,32028.298113498917,True
3,310,생활,33900.0,True,True,36289.70387930286,True
3,311,모임,0.0,True,False,,True
3,311,생활,18300.0,True,True,16150.657451463017,False
3,312,모임,0.0,True,False,,True
3,312,생활,26400.0,True,True,23140.131524561148,True
3,313,데이트,188300.0,True,True,194722.9035103706,True
3,313,생활,0.0,True,False,,True
3,314,생활,36000.0,True,True,40924.49441193059,True
3,314,자기관리,0.0,False,False,,False
3,315,생활,41300.0,True,True,40949.67016689436,False
3,315,카페,20500.0,True,True,20494.348191205107,True
3,316,생활,18000.0,True,True,16909.105148745224,True
3,316,카페,60700.0,True,True,72193.35216838385,True
3,317,모임,52400.0,True,True,55952.57905245006,True
3,317,생활,40200.0,True,True,35203.793009407935,True
3,318,데이트,65100.0,True,True,70273.63069545447,True
3,318,모임,38800.0,True,True,37261.913907284434,True
3,319,모임,39200.0,True,True,37103.40873958386,True
3,319,생활,0.0,True,False,,True
3,320,모임,46400.0,True,True,41792.98716643835,True
3,320,생활,0.0,True,False,,True
3,321,데이트,121000.0,True,False,,True
3,321,모임,34100.0,True,True,31170.17544262948,True
3,322,모임,71900.0,True,True,59391.913743471654,True
3,322,생활,33200.0,True,True,30656.609722095258,True
3,323,생활,44700.0,True,True,47374.968461960234,True
3,323,외식,12300.0,True,True,9899.057618554936,True
3,324,생활,29500.0,True,False,,True
3,324,외식,45800.0,True,False,,True
3,325,모임,0.0,True,False,,True
3,325,생활,0.0,True,False,,True
3,326,모임,40000.0,True,True,53043.55452805098,True
3,326,생활,73300.0,True,True,77573.71513809806,True
3,327,데이트,82200.0,True,True,95861.01881628891,True
3,327,생활,30000.0,True,True,35145.658051645456,True
3,328,데이트,0.0,True,False,,True
3,328,생활,30300.0,True,True,28005.89806020437,True
3,329,데이트,0.0,True,False,,True
3,329,모임,34200.0,True,True,38798.83187834779,True
3,330,외식,0.0,False,False,,False
3,330,카페,11600.0,True,True,11364.06221036452,True
3,331,생활,49000.0,True,True,56721.36972342235,True
3,331,외식,19400.0,True,True,22219.84373913401,False
3,332,모임,0.0,True,False,,True
3,332,생활,39300.0,True,True,39253.22924341314,False
3,333,모임,28500.0,False,True,,False
3,333,생활,27700.0,True,True,30034.458429673545,True
3,334,생활,0.0,True,False,,True
3,334,외식,28200.0,True,True,29880.812586795226,False
3,335,생활,53700.0,True,True,55386.04422490386,True
3,335,외식,0.0,True,False,,True
3,336,모임,74400.0,True,True,79741.83438150161,True
3,336,생활,33600.0,True,True,34746.11250225416,False
3,337,외식,0.0,True,False,,True
3,337,카페,28800.0,True,True,27392.97548158285,True
3,338,데이트,70100.0,True,False,,True
3,338,외식,0.0,True,False,,True
3,339,데이트,0.0,True,False,,True
3,339,생활,34200.0,True,True,37736.0473151494,True
3,340,모임,73100.0,True,True,76291.60250775644,True
3,340,생활,0.0,True,False,,False
3,341,생활,29900.0,True,True,27050.390520092453,True
3,341,외식,0.0,True,False,,True
3,342,데이트,78600.0,True,True,84839.14779176608,True
3,342,모임,47100.0,True,True,46446.48751961719,True
3,343,데이트,117800.0,True,True,103244.17420533409,True
3,343,카페,34700.0,False,True,,False
3,344,생활,52100.0,True,True,57194.3166087637,True
3,344,외식,25200.0,True,True,24636.253279295022,True
3,345,생활,0.0,True,False,,True
3,345,외식,15100.0,True,True,17620.941873051204,True
3,346,데이트,68200.0,True,True,77270.68388764128,True
3,346,생활,39500.0,True,False,,True
3,347,데이트,0.0,True,False,,True
3,347,생활,0.0,True,False,,True
3,348,생활,0.0,True,False,,True
3,348,외식,0.0,True,False,,True
3,349,모임,0.0,True,False,,True
3,349,생활,29400.0,True,True,23179.264509660905,True
3,350,모임,0.0,True,False,,True
3,350,생활,54500.0,True,False,,True
3,351,모임,0.0,False,False,,False
3,351,생활,36500.0,True,True,38541.7501937256,True
3,352,생활,33900.0,True,True,35948.58395702919,True
3,352,외식,0.0,False,False,,False
3,353,생활,40100.0,False,True,,False
3,353,외식,0.0,True,False,,True
3,354,데이트,48200.0,False,True,,False
3,354,모임,128800.0,True,True,103183.11817505794,True
3,355,모임,52600.0,True,True,48366.92639438628,True
3,355,생활,0.0,True,False,,True
3,356,데이트,81400.0,True,True,88765.952987119,True
3,356,생활,0.0,False,False,,False
3,357,모임,67300.0,True,True,66653.25096774127,True
3,357,외식,17600.0,True,True,17530.489216375765,True
3,358,외식,0.0,True,False,,True
3,358,카페,15700.0,False,True,,False
3,359,데이트,0.0,True,False,,True
3,359,모임,0.0,True,False,,True
3,360,모임,41200.0,True,True,38364.38600226826,True
3,360,생활,33200.0,True,True,30791.66151844742,True
3,361,모임,78700.0,True,True,74010.66550777112,True
3,361,생활,34600.0,False,True,,False
3,362,데이트,58000.0,True,True,68924.53684828532,True
3,362,외식,12900.0,True,True,13411.566688474275,True
3,363,데이트,86200.0,True,True,99060.12081152025,True
3,363,모임,49000.0,True,True,49316.28079518947,True
3,364,데이트,0.0,False,False,,False
3,364,모임,0.0,True,True,47722.34079328635,False
3,365,모임,109700.0,True,True,131694.71456412468,False
3,365,생활,19100.0,True,True,23858.145128847827,False
3,366,모임,0.0,True,False,,True
3,366,생활,41900.0,True,True,32862.54602750039,True
3,367,데이트,0.0,True,False,,True
3,367,생활,37000.0,True,True,35861.78416141788,True
3,368,모임,42200.0,True,True,47202.48019866644,True
3,368,자기관리,73200.0,True,True,78057.73596095876,True
3,369,모임,0.0,False,False,,False
3,369,생활,50300.0,True,True,43149.921728412184,True
3,370,모임,48600.0,True,True,50583.59434662943,True
3,370,생활,0.0,True,True,32711.82765522469,True
3,371,모임,0.0,True,False,,True
3,371,생활,0.0,True,False,,True
3,372,외식,0.0,False,False,,False
3,372,자기관리,0.0,True,False,,True
3,373,구독,14100.0,True,True,15425.755907946663,True
3,373,외식,0.0,True,False,,True
3,374,모임,93400.0,True,True,115444.56560457102,True
3,374,생활,32400.0,True,True,36059.77488017859,True
3,375,모임,26900.0,True,True,25572.31950801147,True
3,375,생활,59000.0,False,True,,False
3,376,생활,34400.0,True,False,,True
3,376,자기관리,0.0,True,False,,True
3,377,모임,62400.0,True,True,62844.59612807835,True
3,377,외식,0.0,True,False,,True
3,378,생활,0.0,False,False,,False
3,378,외식,15300.0,True,True,16414.682577002695,True
3,379,데이트,46600.0,True,True,46202.97637891967,False
3,379,모임,0.0,True,False,,True
3,380,모임,0.0,True,False,,True
3,380,외식,9800.0,True,False,,True
3,381,모임,26300.0,True,True,24599.58129784629,True
3,381,생활,29000.0,False,True,,False
3,382,모임,51300.0,True,True,55779.8745046868,True
3,382,생활,61100.0,False,True,,False
3,383,생활,27100.0,True,True,23640.870061635407,True
3,383,외식,14900.0,True,False,,True
3,384,모임,0.0,True,False,,False
3,384,생활,36700.0,True,True,52987.984897459,True
3,385,모임,0.0,True,False,,True
3,385,외식,23500.0,True,False,,True
3,386,모임,26900.0,False,True,,False
3,386,생활,38500.0,True,True,36825.60757443306,True
3,387,모임,49200.0,True,True,49148.17363040632,True
3,387,생활,63300.0,True,True,61012.75499490379,True
3,388,데이트,0.0,True,False,,True
3,388,생활,34000.0,True,True,36808.45481871145,False
3,389,생활,23900.0,True,True,24073.600209376036,True
3,389,외식,38900.0,True,True,37217.380325366146,False
3,390,데이트,0.0,True,False,,True
3,390,모임,0.0,True,False,,True
3,391,데이트,167400.0,True,True,183967.2658484787,True
3,391,외식,0.0,True,False,,True
3,392,생활,28600.0,True,True,30496.18972092762,True
3,392,자기관리,41300.0,False,True,,False
3,393,모임,41400.0,True,True,46597.51164701277,True
3,393,외식,0.0,True,False,,True
3,394,생활,65800.0,True,False,,True
3,394,외식,46500.0,False,True,,False
3,395,데이트,0.0,True,False,,True
3,395,모임,47000.0,True,True,45533.670516273174,True
3,396,생활,34400.0,False,True,,False
3,396,외식,19100.0,True,True,19039.141348494475,True
3,397,데이트,53100.0,True,True,57502.21772173188,True
3,397,모임,0.0,True,False,,True
3,398,데이트,63500.0,True,True,57765.423004973825,True
3,398,모임,0.0,False,False,,False
3,399,데이트,54600.0,True,True,53217.01532004366,False
3,399,생활,0.0,False,False,,False
4,300,데이트,0.0,True,False,,True
4,300,모임,0.0,False,False,,False
4,301,생활,22500.0,True,True,21102.672205456536,True
4,301,외식,13400.0,False,True,,False
4,302,외식,24000.0,False,True,,False
4,302,카페,24100.0,False,True,,False
4,303,생활,0.0,True,False,,True
4,303,외식,0.0,True,False,,True
4,304,데이트,0.0,True,False,,True
4,304,모임,46300.0,True,True,48555.385235809525,False
4,305,데이트,0.0,True,False,,True
4,305,생활,0.0,True,False,,False
4,306,모임,30100.0,False,True,,False
4,306,생활,0.0,False,False,,False
4,307,데이트,0.0,True,False,,True
4,307,외식,0.0,True,False,,True
4,308,생활,0.0,True,False,,True
4,308,외식,0.0,True,False,,True
4,309,모임,73100.0,True,True,78593.22329350417,True
4,309,생활,41600.0,True,True,46939.57093554632,True
4,310,생활,35600.0,False,True,,False
4,310,외식,10700.0,True,True,12584.975844314651,True
4,311,생활,0.0,True,False,,True
4,311,외식,9100.0,True,False,,True
4,312,모임,0.0,True,False,,True
4,312,생활,31800.0,True,True,30451.928148155424,True
4,313,데이트,0.0,True,False,,False
4,313,생활,0.0,True,False,,True
4,314,생활,30700.0,True,True,35919.908514013376,True
4,314,자기관리,0.0,True,False,,True
4,315,생활,0.0,True,False,,True
4,315,카페,52500.0,True,True,59729.0694102992,False
4,316,생활,0.0,True,False,,True
4,316,카페,9300.0,True,True,9462.813126360574,True
4,317,모임,59000.0,True,True,53517.80377174613,True
4,317,생활,0.0,True,True,29032.415184802103,True
4,318,생활,21900.0,True,True,23119.29864258836,False
4,318,외식,21500.0,True,True,18462.84115743122,True
4,319,데이트,0.0,True,False,,True
4,319,생활,43800.0,True,True,39036.57970751086,True
4,320,모임,84700.0,True,True,99451.28379500196,True
4,320,생활,54000.0,True,True,49589.26704736701,True
4,321,데이트,69800.0,True,True,78295.83128772659,True
4,321,모임,47700.0,False,True,,False
4,322,모임,0.0,True,False,,True
4,322,생활,0.0,True,False,,True
4,323,모임,0.0,True,True,42132.74478578149,True
4,323,생활,55300.0,True,True,64389.0746604008,True
4,324,생활,31800.0,True,True,34802.06545373129,True
4,324,외식,0.0,True,False,,True
4,325,모임,37500.0,True,True,39105.29688261873,True
4,325,생활,25300.0,True,False,,True
4,326,모임,40100.0,True,True,39526.28455444617,True
4,326,생활,0.0,True,False,,True
4,327,모임,65900.0,True,True,62301.51861567255,True
4,327,생활,34400.0,True,True,28308.039757003706,True
4,328,데이트,93500.0,True,True,102167.09473547219,True
4,328,생활,0.0,True,False,,True
4,329,데이트,109800.0,True,True,103847.19233914578,True
4,329,모임,75800.0,True,True,77968.50230317452,False
4,330,자기관리,0.0,True,True,32247.71916272826,True
4,330,카페,14800.0,True,True,14394.20826438395,True
4,331,생활,0.0,True,False,,True
4,331,외식,0.0,True,False,,False
4,332,모임,0.0,True,False,,False
4,332,생활,38300.0,False,True,,False
4,333,생활,27200.0,True,True,23202.75427475302,True
4,333,자기관리,49300.0,True,False,,False
4,334,모임,55300.0,True,True,53454.865185129456,True
4,334,외식,0.0,True,False,,True
4,335,데이트,74500.0,True,True,72121.29352593712,True
4,335,모임,0.0,True,True,39986.92164009343,True
4,336,모임,104400.0,True,True,101533.51462896925,True
4,336,생활,0.0,True,False,,True
4,337,외식,0.0,True,False,,True
4,337,카페,10000.0,True,True,10140.594779299494,False
4,338,데이트,0.0,True,False,,True
4,338,외식,0.0,True,True,15652.45707184201,True
4,339,데이트,141500.0,True,True,136310.28121686802,True
4,339,생활,0.0,True,True,28478.908959114135,True
4,340,모임,0.0,True,False,,True
4,340,생활,21000.0,True,True,20265.000223643834,True
4,341,생활,0.0,True,False,,True
4,341,외식,6800.0,True,True,5644.725182442683,True
4,342,데이트,62000.0,True,True,61090.64686451052,True
4,342,모임,21800.0,True,True,22195.8591293242,True
4,343,구독,18700.0,True,True,17034.017999638672,True
4,343,데이트,0.0,True,False,,True
4,344,생활,31000.0,True,True,29085.47571397864,True
4,344,외식,19000.0,True,True,19300.036218120513,True
4,345,생활,40100.0,True,False,,True
4,345,카페,24400.0,True,True,27689.625055022872,True
4,346,데이트,0.0,False,False,,False
4,346,생활,39800.0,True,True,45757.11541887092,True
4,347,데이트,81300.0,True,True,75916.56613358387,True
4,347,생활,29900.0,False,True,,False
4,348,생활,131600.0,True,True,124553.46665874418,True
4,348,외식,0.0,True,False,,True
4,349,모임,0.0,False,False,,False
4,349,생활,20700.0,True,True,18025.55320834416,True
4,350,모임,0.0,True,False,,True
4,350,생활,43300.0,True,True,38194.49615226879,True
4,351,생활,49300.0,False,True,,False
4,351,외식,0.0,True,False,,True
4,352,생활,35400.0,True,True,40302.163464417594,True
4,352,외식,0.0,False,False,,False
4,353,모임,0.0,False,False,,False
4,353,생활,36800.0,True,True,31650.954068048104,True
4,354,데이트,43500.0,True,True,47414.163461440636,True
4,354,생활,30500.0,True,True,36298.35156880486,True
4,355,모임,0.0,True,False,,True
4,355,생활,0.0,False,False,,False
4,356,데이트,85000.0,True,True,81576.00251149236,True
4,356,생활,50300.0,True,True,56425.389711394426,True
4,357,모임,142000.0,True,True,160574.63129107683,True
4,357,외식,18800.0,True,True,18850.692693481626,False
4,358,생활,25300.0,True,True,24815.999339573864,True
4,358,카페,30500.0,True,True,29489.178163374625,True
4,359,데이트,0.0,True,False,,True
4,359,모임,0.0,False,False,,False
4,360,모임,70200.0,True,True,61788.80357239257,True
4,360,생활,53900.0,True,True,46217.5142469261,True
4,361,모임,46300.0,False,True,,False
4,361,생활,0.0,False,False,,False
4,362,데이트,60700.0,True,True,49299.4826909897,True
4,362,외식,27400.0,True,True,26354.687377503953,True
4,363,모임,0.0,True,False,,True
4,363,생활,23600.0,True,True,24819.634920137207,True
4,364,데이트,0.0,True,False,,True
4,364,모임,52600.0,True,True,55131.75577430727,True
4,365,모임,81700.0,True,True,103944.32991627192,True
4,365,생활,31200.0,True,False,,True
4,366,모임,37200.0,False,True,,False
4,366,생활,0.0,False,False,,False
4,367,데이트,0.0,True,False,,True
4,367,외식,0.0,True,False,,True
4,368,모임,31400.0,False,True,,False
4,368,생활,40400.0,True,True,35758.855699978194,True
4,369,생활,50200.0,True,False,,True
4,369,외식,7100.0,True,True,9981.335657828524,True
4,370,모임,0.0,True,False,,False
4,370,생활,25200.0,True,True,24022.121321048144,False
4,371,생활,37600.0,True,True,36360.46882171565,True
4,371,외식,39600.0,True,True,38439.460111051725,True
4,372,외식,0.0,True,False,,True
4,372,자기관리,0.0,False,False,,False
4,373,외식,16600.0,True,True,18007.158864031848,True
4,373,카페,17500.0,True,True,20881.499146696548,True
4,374,데이트,0.0,True,False,,True
4,374,모임,0.0,True,False,,True
4,375,모임,0.0,True,False,,True
4,375,생활,35600.0,True,False,,True
4,376,생활,31500.0,True,True,28809.503669099304,True
4,376,자기관리,0.0,True,False,,True
4,377,모임,0.0,True,False,,True
4,377,외식,0.0,True,False,,True
4,378,생활,0.0,True,False,,True
4,378,외식,0.0,True,False,,True
4,379,데이트,49900.0,True,True,47307.44177623747,True
4,379,모임,47300.0,True,True,44756.7096023967,True
4,380,모임,0.0,True,False,,True
4,380,외식,0.0,True,False,,False
4,381,모임,0.0,True,False,,True
4,381,생활,28500.0,True,True,23030.922067935,True
4,382,모임,44000.0,True,True,41160.783947860444,True
4,382,생활,59200.0,True,True,69725.41630567328,True
4,383,생활,23900.0,True,True,26433.24300199922,True
4,383,외식,39500.0,True,True,45430.868738908204,True
4,384,데이트,66400.0,True,True,68341.24397056756,True
4,384,모임,0.0,False,False,,False
4,385,모임,0.0,True,False,,True
4,385,외식,0.0,True,False,,True
4,386,데이트,0.0,True,False,,True
4,386,생활,0.0,False,False,,False
4,387,데이트,78100.0,True,True,69113.2362738686,True
4,387,생활,75700.0,True,True,68798.35711349126,False
4,388,데이트,48000.0,True,True,44429.04479963908,False
4,388,생활,43700.0,True,True,43577.729134380366,True
4,389,생활,16700.0,True,True,17341.55089277003,True
4,389,외식,0.0,True,False,,True
4,390,데이트,93500.0,True,True,84565.07929232682,True
4,390,모임,0.0,True,True,37910.995756136486,True
4,391,데이트,131100.0,True,True,160107.16491087785,True
4,391,외식,28400.0,True,True,29560.939818304512,True
4,392,모임,59200.0,True,True,67688.1489321697,True
4,392,생활,34700.0,True,True,36427.032838364474,True
4,393,모임,41800.0,True,True,40580.767084386214,True
4,393,외식,0.0,True,True,15628.64353114939,True
4,394,생활,0.0,False,False,,False
4,394,외식,45200.0,True,True,51591.32967605072,True
4,395,데이트,103000.0,True,True,91148.20866930475,True
4,395,모임,0.0,True,False,,True
4,396,모임,25800.0,True,True,26100.3408748095,True
4,396,생활,30600.0,True,True,34982.024690818704,True
4,397,데이트,53100.0,False,True,,False
4,397,모임,27900.0,True,False,,True
4,398,데이트,40400.0,False,True,,False
4,398,모임,48100.0,True,True,58734.185115267785,True
4,399,데이트,117600.0,False,True,,False
4,399,생활,24300.0,True,True,24540.27314058512,True
5,300,데이트,56600.0,True,True,69063.53922611148,True
5,300,모임,0.0,True,False,,True
5,301,생활,0.0,True,False,,True
5,301,외식,0.0,True,False,,True
5,302,구독,18500.0,True,True,18824.922373709385,True
5,302,외식,0.0,True,False,,True
5,303,생활,43100.0,False,True,,False
5,303,외식,0.0,True,False,,True
5,304,데이트,106800.0,True,True,114416.12004961346,False
5,304,모임,40200.0,True,True,35239.177567696584,True
5,305,모임,59100.0,True,True,58361.14115422933,True
5,305,생활,55900.0,True,True,55848.27473154271,False
5,306,모임,0.0,True,False,,True
5,306,생활,33100.0,True,True,33532.87811423058,False
5,307,데이트,143800.0,True,True,155522.40666966664,False
5,307,생활,0.0,True,False,,True
5,308,생활,34100.0,True,True,35432.344379586,False
5,308,외식,11800.0,True,True,11367.004507908776,False
5,309,모임,48200.0,True,True,46295.979019352584,True
5,309,생활,0.0,True,False,,True
5,310,생활,34300.0,True,True,36135.08664199246,True
5,310,외식,12900.0,True,True,13867.49990123479,True
5,311,모임,38400.0,True,True,35592.105120872315,True
5,311,외식,19800.0,True,True,19441.79118576124,True
5,312,모임,126100.0,True,True,132638.14320307,True
5,312,생활,33900.0,True,True,40341.012737098354,True
5,313,데이트,0.0,True,False,,True
5,313,생활,0.0,True,False,,True
5,314,생활,35600.0,True,False,,True
5,314,자기관리,0.0,False,False,,False
5,315,생활,42200.0,True,True,50636.27596533799,True
5,315,자기관리,0.0,True,False,,True
5,316,생활,50800.0,True,True,57449.98179947237,True
5,316,카페,9100.0,True,True,9002.182877533209,True
5,317,데이트,100600.0,False,True,,False
5,317,생활,30400.0,True,True,34488.801720106814,True
5,318,생활,27900.0,True,True,24416.395887485458,True
5,318,외식,15800.0,True,True,11461.983255423584,True
5,319,모임,49300.0,True,True,45219.05401494732,False
5,319,생활,29100.0,True,True,29493.858765654637,True
5,320,모임,43200.0,True,True,43371.52137635012,True
5,320,생활,0.0,False,False,,False
5,321,데이트,0.0,True,True,70245.89084937949,True
5,321,생활,23500.0,True,True,24679.273541049883,True
5,322,모임,0.0,True,False,,True
5,322,생활,44600.0,True,True,41161.57336723851,False
5,323,모임,0.0,True,False,,True
5,323,생활,0.0,False,False,,False
5,324,생활,32200.0,True,True,30657.84534282028,True
5,324,외식,27400.0,True,True,30880.818745879085,True
5,325,모임,0.0,True,False,,True
5,325,생활,0.0,True,False,,True
5,326,생활,45800.0,True,True,41454.50186139009,True
5,326,외식,18100.0,False,True,,False
5,327,데이트,113900.0,True,True,113918.79437743835,True
5,327,모임,78100.0,True,True,80398.27864168433,True
5,328,데이트,96500.0,True,True,109787.89983701058,True
5,328,생활,25200.0,True,True,23872.63778835718,True
5,329,데이트,109500.0,True,True,93747.43410874087,False
5,329,모임,0.0,False,False,,False
5,330,구독,8000.0,True,True,11159.794863862116,True
5,330,카페,14500.0,True,True,13718.39356373312,True
5,331,생활,0.0,True,False,,False
5,331,외식,27300.0,True,False,,True
5,332,모임,0.0,True,False,,True
5,332,생활,0.0,True,False,,True
5,333,모임,22400.0,True,True,21288.770171248176,True
5,333,생활,28000.0,True,True,25011.76919662504,True
5,334,외식,0.0,True,False,,True
5,334,카페,4300.0,True,True,4059.846845250562,True
5,335,생활,0.0,True,True,38875.93300094895,True
5,335,외식,61600.0,True,True,64450.561777659896,False
5,336,모임,88200.0,True,True,91065.94989158586,True
5,336,생활,35200.0,True,True,30212.142265458853,True
5,337,외식,20300.0,True,True,19720.012017856425,True
5,337,카페,0.0,True,False,,True
5,338,데이트,0.0,True,False,,True
5,338,외식,12300.0,True,False,,True
5,339,데이트,0.0,True,False,,True
5,339,생활,67000.0,True,True,69993.67225387401,True
5,340,모임,75000.0,True,True,67149.06111751037,True
5,340,생활,16900.0,True,True,16000.189446235729,True
5,341,생활,37900.0,True,False,,True
5,341,외식,70500.0,True,True,76914.45928211625,True
5,342,데이트,71300.0,True,True,89884.8399434487,True
5,342,생활,24200.0,True,True,25398.401366464775,True
5,343,데이트,61100.0,True,True,73027.87515868855,True
5,343,카페,22400.0,True,True,21789.420778202773,True
5,344,생활,34900.0,True,True,34232.60150912257,True
5,344,외식,22400.0,False,True,,False
5,345,생활,0.0,True,False,,True
5,345,카페,28600.0,True,True,23748.95067670092,True
5,346,데이트,77100.0,False,True,,False
5,346,생활,45400.0,True,True,45579.01588809433,True
5,347,데이트,0.0,False,False,,False
5,347,모임,0.0,False,False,,False
5,348,생활,0.0,True,True,36663.04957568593,True
5,348,외식,0.0,True,False,,True
5,349,모임,50800.0,True,True,44612.94844899867,True
5,349,외식,0.0,True,False,,True
5,350,모임,0.0,True,True,44230.16657307089,True
5,350,생활,56200.0,True,True,50929.110114762436,True
5,351,모임,22800.0,True,True,23368.913710982273,True
5,351,생활,0.0,True,False,,True
5,352,생활,31600.0,True,True,30776.40041556157,True
5,352,외식,13500.0,False,True,,False
5,353,모임,0.0,True,True,43217.97638780692,False
5,353,생활,35700.0,True,True,37415.55167336083,True
5,354,모임,0.0,True,False,,True
5,354,생활,50900.0,True,True,51178.64332549154,True
5,355,모임,65800.0,True,True,63641.18117826469,True
5,355,생활,0.0,True,False,,True
5,356,데이트,0.0,True,False,,True
5,356,생활,0.0,True,False,,True
5,357,모임,43200.0,True,True,45869.81086983378,True
5,357,생활,0.0,True,False,,True
5,358,생활,32800.0,True,True,27707.895263854807,True
5,358,카페,16500.0,True,True,16676.729227444182,False
5,359,데이트,23300.0,True,True,22708.990764870745,True
5,359,모임,55500.0,True,True,68554.63960190158,True
5,360,모임,0.0,True,False,,True
5,360,생활,48700.0,True,True,50300.34745804145,False
5,361,모임,0.0,True,False,,True
5,361,생활,29600.0,False,True,,False
5,362,데이트,0.0,True,False,,True
5,362,외식,0.0,True,False,,True
5,363,데이트,103100.0,True,True,105127.51818569483,True
5,363,모임,50000.0,True,True,46671.88806609167,True
5,364,데이트,212200.0,True,True,198913.59991961953,True
5,364,모임,61500.0,True,True,67562.63071377667,True
5,365,모임,0.0,True,False,,True
5,365,생활,22800.0,False,True,,False
5,366,모임,0.0,False,False,,False
5,366,생활,34300.0,False,True,,False
5,367,생활,24700.0,True,True,29568.57763473217,True
5,367,외식,0.0,True,False,,True
5,368,모임,54600.0,True,True,63429.66827245624,True
5,368,생활,45400.0,False,True,,False
5,369,생활,0.0,True,True,41902.826540831506,False
5,369,외식,0.0,True,False,,True
5,370,모임,45000.0,False,True,,False
5,370,생활,0.0,True,False,,False
5,371,모임,38700.0,True,False,,True
5,371,생활,0.0,False,False,,False
5,372,외식,61600.0,True,True,56074.021146979336,True
5,372,자기관리,0.0,True,False,,False
5,373,외식,17400.0,True,True,15599.753986676391,True
5,373,카페,36800.0,True,True,34762.8340045669,True
5,374,데이트,0.0,True,False,,True
5,374,모임,0.0,False,False,,False
5,375,생활,37300.0,True,True,40747.39646390819,True
5,375,외식,37800.0,True,True,38694.13585991904,True
5,376,생활,30900.0,False,True,,False
5,376,외식,40800.0,True,False,,True
5,377,모임,0.0,True,False,,True
5,377,외식,0.0,True,False,,True
5,378,생활,58000.0,True,False,,True
5,378,외식,36600.0,True,True,33714.80989841322,True
5,379,모임,69900.0,True,True,77487.699357663,True
5,379,생활,23000.0,True,True,24828.419775192822,True
5,380,모임,47600.0,True,True,49596.28982180999,True
5,380,외식,29100.0,True,False,,True
5,381,모임,34600.0,True,True,32726.686492435285,True
5,381,외식,28200.0,False,True,,False
5,382,데이트,62600.0,True,False,,True
5,382,모임,59700.0,True,True,74022.8412394457,True
5,383,모임,24300.0,True,True,21875.073346890276,True
5,383,외식,0.0,True,False,,True
5,384,모임,0.0,False,False,,False
5,384,생활,31200.0,True,True,34211.55349793952,True
5,385,모임,0.0,True,False,,True
5,385,외식,27300.0,True,True,27395.696196309946,True
5,386,데이트,0.0,True,False,,True
5,386,생활,30400.0,True,True,31547.360151782043,True
5,387,모임,31600.0,True,True,27858.861573526763,True
5,387,생활,0.0,False,False,,False
5,388,데이트,108600.0,False,True,,False
5,388,생활,0.0,True,False,,True
5,389,생활,19200.0,True,True,24647.54653611396,True
5,389,외식,49000.0,True,True,47718.276690656756,True
5,390,데이트,85600.0,True,True,96036.14374379162,True
5,390,모임,0.0,True,False,,True
5,391,데이트,0.0,True,False,,True
5,391,모임,55800.0,True,True,54947.38628646889,True
5,392,모임,0.0,True,False,,True
5,392,생활,42200.0,True,True,40765.414798345846,True
5,393,모임,58000.0,True,True,51875.59224885371,True
5,393,외식,0.0,True,False,,True
5,394,생활,56500.0,True,True,55144.770886930164,True
5,394,외식,16000.0,True,True,20218.89035867818,True
5,395,데이트,0.0,True,False,,True
5,395,모임,0.0,True,False,,True
5,396,생활,0.0,True,False,,True
5,396,외식,0.0,True,True,13912.133581501075,True
5,397,데이트,0.0,True,False,,True
5,397,외식,115600.0,True,True,113173.16387324211,True
5,398,데이트,0.0,True,False,,True
5,398,모임,62200.0,True,True,57238.238801974265,True
5,399,데이트,145900.0,True,True,115468.79922242438,True
5,399,생활,32100.0,False,True,,False
6,300,데이트,0.0,True,False,,True
6,300,모임,0.0,True,False,,True
6,301,생활,27800.0,True,False,,True
6,301,외식,21900.0,True,True,21041.546877153658,False
6,302,외식,29100.0,True,True,33483.391765305314,True
6,302,카페,14900.0,True,True,16372.873009995454,True
6,303,생활,35100.0,True,True,29935.223381545336,True
6,303,외식,0.0,True,False,,True
6,304,데이트,56000.0,False,True,,False
6,304,모임,42400.0,True,False,,True
6,305,데이트,54800.0,True,True,51255.58416877415,True
6,305,생활,31600.0,False,True,,False
6,306,모임,50100.0,True,False,,True
6,306,생활,0.0,True,False,,True
6,307,데이트,93100.0,True,True,75823.50010453213,True
6,307,생활,22400.0,True,True,25967.005082437016,True
6,308,생활,0.0,True,True,33389.53969616909,True
6,308,외식,8200.0,True,True,7303.061280648587,True
6,309,모임,0.0,True,False,,True
6,309,생활,48600.0,True,True,46420.98550735355,False
6,310,생활,27200.0,True,True,25131.143838795782,True
6,310,외식,16900.0,True,True,13130.372695362492,False
6,311,모임,18100.0,False,True,,False
6,311,외식,14800.0,True,True,13627.592042001099,True
6,312,모임,0.0,False,False,,False
6,312,생활,0.0,False,False,,False
6,313,데이트,0.0,False,False,,False
6,313,외식,53700.0,True,True,62587.58180473776,True
6,314,생활,0.0,True,False,,True
6,314,자기관리,35800.0,True,True,36242.602602726,True
6,315,생활,0.0,True,True,41346.93298170626,True
6,315,카페,21200.0,True,True,19275.374872562268,True
6,316,생활,21800.0,True,True,24603.07611500902,True
6,316,카페,18000.0,True,True,20332.16020185355,True
6,317,데이트,0.0,True,False,,True
6,317,모임,57600.0,False,True,,False
6,318,모임,27300.0,False,True,,False
6,318,외식,0.0,True,False,,True
6,319,모임,70400.0,True,True,72887.33009100126,True
6,319,생활,40000.0,True,True,39283.539457432234,True
6,320,모임,70900.0,True,True,58623.40911831303,True
6,320,생활,35500.0,True,True,31967.056496076922,True
6,321,데이트,82000.0,True,True,88349.22001234551,True
6,321,생활,36600.0,True,True,40371.74766926809,True
6,322,모임,30200.0,False,True,,False
6,322,생활,0.0,True,False,,True
6,323,생활,56600.0,True,False,,False
6,323,외식,55500.0,True,True,58824.78368102435,True
6,324,생활,0.0,True,False,,True
6,324,외식,22000.0,True,True,19251.25995546397,True
6,325,모임,0.0,True,False,,False
6,325,생활,28800.0,True,True,30585.744328366367,True
6,326,생활,35700.0,False,True,,False
6,326,외식,0.0,True,False,,True
6,327,데이트,0.0,False,False,,False
6,327,모임,44800.0,False,True,,False
6,328,데이트,0.0,True,False,,False
6,328,생활,28500.0,True,True,28046.17182064605,True
6,329,데이트,0.0,True,False,,True
6,329,모임,0.0,True,False,,True
6,330,자기관리,0.0,True,True,23410.51479813271,True
6,330,카페,11900.0,True,True,12751.653628799315,False
6,331,생활,24100.0,True,True,24619.823414331575,True
6,331,외식,0.0,True,False,,False
6,332,모임,39700.0,True,True,40499.85762440691,True
6,332,생활,26200.0,False,True,,False
6,333,모임,76200.0,True,True,71162.31632625425,True
6,333,생활,0.0,True,False,,True
6,334,생활,28700.0,True,True,28536.365720195616,True
6,334,외식,0.0,True,False,,True
6,335,생활,33800.0,False,True,,False
6,335,자기관리,0.0,True,True,34188.80552517164,True
6,336,모임,0.0,True,True,37398.16300584401,True
6,336,생활,28100.0,True,True,31661.45702051814,True
6,337,외식,0.0,True,False,,True
6,337,카페,7600.0,False,True,,False
6,338,데이트,0.0,True,False,,False
6,338,외식,8200.0,True,True,9501.990924472637,True
6,339,데이트,115400.0,True,True,147570.85129577247,True
6,339,생활,29800.0,True,False,,True
6,340,모임,0.0,True,False,,True
6,340,생활,0.0,True,False,,True
6,341,생활,31000.0,True,True,27403.308257015313,True
6,341,외식,0.0,True,False,,True
6,342,데이트,69900.0,True,True,65073.74260122765,True
6,342,생활,26500.0,True,True,23294.16172300027,True
6,343,데이트,0.0,True,False,,False
6,343,자기관리,0.0,True,False,,True
6,344,생활,0.0,False,False,,False
6,344,외식,20300.0,False,True,,False
6,345,생활,0.0,True,False,,True
6,345,카페,19600.0,True,True,19566.619069462304,True
6,346,데이트,0.0,True,False,,True
6,346,생활,35900.0,True,True,33185.15966025623,True
6,347,데이트,76800.0,True,True,72514.91230840854,True
6,347,모임,0.0,True,False,,True
6,348,생활,64800.0,True,True,59714.17107288963,True
6,348,외식,0.0,True,False,,True
6,349,모임,32000.0,True,True,34074.587687216525,True
6,349,생활,29200.0,True,True,24600.324374712534,True
6,350,데이트,0.0,True,False,,True
6,350,생활,47500.0,True,True,56741.40767343926,True
6,351,생활,44900.0,True,True,48278.76106618673,True
6,351,외식,0.0,True,False,,True
6,352,생활,32800.0,False,True,,False
6,352,카페,26700.0,True,True,29814.786484462922,True
6,353,모임,60300.0,True,True,63667.436843108655,True
6,353,생활,30200.0,True,True,28766.7139602553,True
6,354,데이트,47600.0,True,False,,True
6,354,모임,38500.0,True,True,34802.8292452256,False
6,355,모임,0.0,True,False,,True
6,355,외식,0.0,True,True,14463.203779814283,True
6,356,데이트,103000.0,True,True,126858.94112869029,True
6,356,생활,64400.0,True,True,64398.951105815875,True
6,357,모임,48200.0,True,True,47875.07847070925,False
6,357,외식,46300.0,True,True,48638.18406321842,False
6,358,생활,0.0,True,False,,True
6,358,외식,10500.0,True,True,11371.728305340726,True
6,359,모임,47600.0,True,True,45658.32988345503,True
6,359,생활,32400.0,True,True,32566.534862117056,True
6,360,모임,45100.0,False,True,,False
6,360,생활,0.0,True,False,,True
6,361,모임,0.0,True,False,,True
6,361,생활,33700.0,True,True,35168.485540452486,True
6,362,데이트,62300.0,True,False,,True
6,362,외식,30700.0,True,True,41672.325853535825,True
6,363,데이트,0.0,True,False,,True
6,363,모임,0.0,True,False,,True
6,364,데이트,70800.0,True,False,,True
6,364,모임,0.0,True,False,,True
6,365,모임,107300.0,False,True,,False
6,365,외식,0.0,True,False,,True
6,366,모임,38000.0,True,True,37654.72803029316,True
6,366,생활,41500.0,True,True,41047.80943104963,True
6,367,생활,22700.0,True,True,23509.31061907764,True
6,367,외식,41000.0,True,True,41926.20853441068,True
6,368,모임,40200.0,True,False,,True
6,368,생활,41500.0,True,True,40973.22911887724,True
6,369,생활,40700.0,True,True,32817.492275093944,True
6,369,외식,8300.0,True,True,8310.414885333532,True
6,370,모임,48500.0,False,True,,False
6,370,생활,22000.0,True,True,22318.142010795647,True
6,371,모임,54700.0,True,True,46950.62873246431,True
6,371,생활,41000.0,True,True,37984.410040491784,True
6,372,외식,31800.0,False,True,,False
6,372,자기관리,38800.0,True,True,50504.7424840406,True
6,373,외식,0.0,True,False,,True
6,373,카페,10700.0,True,True,9353.856426586524,True
6,374,데이트,0.0,True,False,,True
6,374,생활,30000.0,False,True,,False
6,375,생활,0.0,False,False,,False
6,375,외식,0.0,False,False,,False
6,376,생활,31900.0,True,True,28623.15894722171,False
6,376,외식,25300.0,False,True,,False
6,377,모임,0.0,True,False,,True
6,377,외식,0.0,True,False,,True
6,378,생활,0.0,True,False,,True
6,378,외식,0.0,False,False,,False
6,379,모임,52500.0,True,True,65029.01868257321,True
6,379,생활,21100.0,True,True,16690.483280909593,True
6,380,모임,43900.0,True,True,41778.15894436962,True
6,380,외식,18700.0,False,True,,False
6,381,모임,0.0,True,False,,True
6,381,생활,23400.0,True,True,18381.748776387354,True
6,382,모임,0.0,True,False,,True
6,382,생활,49500.0,True,True,43985.761199443354,True
6,383,생활,27200.0,True,False,,True
6,383,외식,27700.0,True,True,34140.24732795641,True
6,384,데이트,54900.0,True,True,45298.036659265956,True
6,384,모임,0.0,True,False,,True
6,385,모임,0.0,True,False,,True
6,385,외식,0.0,True,False,,False
6,386,데이트,0.0,False,False,,False
6,386,생활,0.0,True,False,,True
6,387,데이트,0.0,True,False,,True
6,387,생활,46100.0,True,True,37182.24596427712,True
6,388,데이트,60100.0,True,True,66386.08335191295,True
6,388,생활,36000.0,True,True,38996.73567903772,True
6,389,생활,0.0,True,False,,True
6,389,외식,0.0,False,False,,False
6,390,데이트,0.0,True,False,,False
6,390,모임,0.0,True,False,,True
6,391,데이트,0.0,True,False,,True
6,391,모임,53500.0,True,True,49408.45436269036,True
6,392,모임,0.0,True,False,,True
6,392,생활,80900.0,True,True,99328.46188219149,False
6,393,모임,0.0,False,False,,False
6,393,외식,0.0,True,False,,True
6,394,생활,0.0,True,False,,True
6,394,외식,18400.0,True,True,18632.84700583322,True
6,395,모임,52000.0,True,True,53355.66142926304,True
6,395,외식,49300.0,False,True,,False
6,396,생활,33000.0,False,True,,False
6,396,카페,51300.0,False,True,,False
6,397,데이트,0.0,True,False,,True
6,397,모임,72700.0,True,True,70538.6895010947,True
6,398,데이트,0.0,False,False,,False
6,398,모임,46000.0,False,True,,False
6,399,데이트,80500.0,True,True,85305.680796365,True
6,399,생활,0.0,True,False,,True
7,300,데이트,0.0,True,False,,True
7,300,모임,0.0,True,False,,True
7,301,생활,0.0,True,False,,True
7,301,외식,8200.0,True,True,7609.9673349040095,True
7,302,외식,23200.0,True,True,25038.408602853004,True
7,302,카페,7300.0,True,True,6971.672419474531,True
7,303,생활,0.0,True,False,,True
7,303,외식,0.0,True,False,,True
7,304,데이트,0.0,True,False,,False
7,304,모임,47900.0,True,True,42938.02477381825,True
7,305,데이트,75800.0,False,True,,False
7,305,모임,0.0,True,False,,True
7,306,모임,40500.0,True,True,48112.168973090585,True
7,306,생활,36800.0,True,True,34324.58080351563,True
7,307,데이트,127000.0,True,True,127125.04869893074,False
7,307,생활,0.0,False,False,,False
7,308,생활,0.0,False,False,,False
7,308,외식,0.0,True,False,,True
7,309,데이트,0.0,True,False,,True
7,309,생활,27200.0,True,True,25122.206866259254,True
7,310,생활,0.0,False,False,,False
7,310,외식,0.0,True,False,,True
7,311,생활,22000.0,False,True,,False
7,311,외식,0.0,True,False,,True
7,312,모임,50900.0,True,True,45376.53727173686,True
7,312,생활,27700.0,False,True,,False
7,313,데이트,0.0,True,False,,True
7,313,외식,16600.0,True,True,16978.941398344425,True
7,314,생활,33700.0,False,True,,False
7,314,외식,0.0,True,True,19258.44866621917,False
7,315,생활,45200.0,True,True,43287.12195728276,True
7,315,카페,39500.0,False,True,,False
7,316,생활,0.0,True,False,,False
7,316,카페,44500.0,True,True,46880.09668830602,True
7,317,모임,39200.0,True,True,34807.13407808233,True
7,317,생활,38000.0,True,True,39735.23542658751,True
7,318,데이트,52900.0,True,True,43221.87716573644,True
7,318,외식,30700.0,True,True,32366.496432599517,True
7,319,생활,0.0,True,False,,True
7,319,카페,44300.0,True,True,48529.26949396027,True
7,320,모임,56100.0,True,True,56204.16551997724,True
7,320,생활,0.0,True,False,,True
7,321,데이트,0.0,True,False,,True
7,321,생활,0.0,True,False,,True
7,322,모임,0.0,False,False,,False
7,322,생활,38500.0,True,False,,True
7,323,생활,43800.0,True,True,40099.96384845306,True
7,323,외식,43800.0,True,True,45093.73903037815,True
7,324,생활,30500.0,True,True,30762.672558807393,True
7,324,외식,0.0,False,False,,False
7,325,모임,37900.0,True,True,34150.52259224629,True
7,325,생활,21600.0,True,True,22620.463967645966,False
7,326,모임,39200.0,True,True,41095.38320140961,True
7,326,생활,38700.0,False,True,,False
7,327,모임,0.0,True,False,,True
7,327,생활,0.0,True,False,,True
7,328,데이트,98900.0,True,True,96972.44397595838,True
7,328,외식,17500.0,True,False,,True
7,329,데이트,0.0,True,False,,True
7,329,모임,27200.0,True,True,24783.772590443816,True
7,330,자기관리,0.0,True,False,,True
7,330,카페,14300.0,True,True,15032.608088718831,True
7,331,생활,0.0,True,False,,True
7,331,외식,0.0,True,False,,True
7,332,모임,61400.0,False,True,,False
7,332,생활,51900.0,True,True,52881.474858684196,True
7,333,모임,24400.0,True,True,24326.505085327277,False
7,333,생활,27200.0,True,False,,True
7,334,모임,22700.0,True,True,21994.87592353217,True
7,334,외식,37900.0,True,False,,True
7,335,데이트,71300.0,False,True,,False
7,335,생활,0.0,False,False,,False
7,336,모임,81100.0,True,True,100019.64014354529,True
7,336,생활,32600.0,True,False,,True
7,337,외식,0.0,True,False,,True
7,337,카페,4000.0,True,True,4416.894627495543,True
7,338,데이트,0.0,True,False,,True
7,338,외식,0.0,True,False,,True
7,339,데이트,0.0,True,True,76765.40892062827,False
7,339,모임,60700.0,True,True,66594.7665436739,True
7,340,모임,0.0,True,False,,False
7,340,생활,23000.0,True,True,22170.657336308803,True
7,341,생활,0.0,True,False,,True
7,341,외식,0.0,True,False,,True
7,342,데이트,84900.0,True,True,79824.73817891143,True
7,342,모임,31100.0,True,True,29265.722277807363,True
7,343,데이트,0.0,False,False,,False
7,343,자기관리,0.0,True,False,,True
7,344,생활,0.0,True,False,,True
7,344,외식,19100.0,False,True,,False
7,345,생활,46900.0,True,True,52326.90121008642,True
7,345,카페,15900.0,True,True,19135.89879965352,True
7,346,데이트,79700.0,False,True,,False
7,346,생활,58700.0,True,True,64816.54017585053,True
7,347,데이트,0.0,True,False,,True
7,347,모임,34400.0,False,True,,False
7,348,생활,0.0,True,False,,True
7,348,카페,5300.0,True,False,,False
7,349,모임,37500.0,True,True,31764.713315879788,True
7,349,외식,15000.0,True,False,,True
7,350,데이트,0.0,True,False,,False
7,350,생활,51200.0,True,True,47336.307076023004,True
7,351,생활,50700.0,True,True,48612.384939870164,True
7,351,외식,0.0,True,False,,False
7,352,생활,26800.0,True,False,,True
7,352,카페,18700.0,True,True,19932.299016393452,True
7,353,모임,21300.0,False,True,,False
7,353,생활,38900.0,True,True,49198.27404066666,False
7,354,모임,0.0,True,True,50645.15126917043,True
7,354,생활,0.0,True,False,,True
7,355,모임,0.0,True,False,,False
7,355,외식,0.0,True,False,,True
7,356,데이트,63900.0,True,True,71487.15146445339,True
7,356,생활,0.0,False,False,,False
7,357,모임,63600.0,True,True,61486.924615759664,True
7,357,외식,17500.0,True,False,,True
7,358,생활,0.0,False,False,,False
7,358,카페,9200.0,False,True,,False
7,359,모임,0.0,False,False,,False
7,359,생활,28900.0,True,True,28648.19910427648,True
7,360,모임,0.0,False,False,,False
7,360,생활,48200.0,True,True,51465.610149219545,True
7,361,모임,56100.0,True,True,59319.23070791562,True
7,361,외식,23100.0,True,True,18665.587014192002,True
7,362,데이트,0.0,True,False,,True
7,362,외식,23300.0,True,True,22034.395304684796,True
7,363,데이트,0.0,True,False,,True
7,363,모임,51900.0,False,True,,False
7,364,데이트,75400.0,True,True,69550.2902649557,True
7,364,모임,47600.0,True,True,46713.23946669873,False
7,365,모임,72200.0,True,True,80000.5315647543,True
7,365,생활,0.0,True,False,,True
7,366,모임,0.0,True,False,,True
7,366,생활,0.0,False,False,,False
7,367,데이트,88800.0,True,True,78092.46437980812,True
7,367,외식,33000.0,True,True,23783.602622881615,True
7,368,모임,34500.0,False,True,,False
7,368,생활,0.0,True,False,,True
7,369,생활,44400.0,True,True,42054.42080112731,True
7,369,외식,9100.0,True,True,9497.429869461257,True
7,370,모임,0.0,True,False,,True
7,370,외식,7900.0,True,True,7389.275096368456,True
7,371,모임,69700.0,False,True,,False
7,371,생활,36300.0,False,True,,False
7,372,생활,0.0,True,False,,True
7,372,외식,22200.0,True,True,19310.927545265393,False
7,373,구독,14700.0,True,True,13106.37065985902,True
7,373,외식,26100.0,True,True,25370.554546480886,True
7,374,모임,0.0,True,False,,True
7,374,생활,35800.0,True,True,36589.07135795012,True
7,375,모임,30200.0,True,True,28729.569064324405,True
7,375,생활,30700.0,False,True,,False
7,376,생활,26100.0,True,True,29630.75784666787,True
7,376,외식,19500.0,True,True,19573.318081829097,True
7,377,모임,22700.0,False,True,,False
7,377,카페,0.0,True,False,,True
7,378,생활,30900.0,False,True,,False
7,378,외식,66600.0,True,True,61523.76540215944,True
7,379,모임,115400.0,True,True,115245.4413793465,False
7,379,생활,24700.0,False,True,,False
7,380,모임,35600.0,True,True,37759.99339296417,False
7,380,외식,11700.0,True,True,13659.355762799585,True
7,381,모임,74000.0,True,True,67903.95703768035,True
7,381,생활,0.0,True,True,30407.48323163738,True
7,382,모임,55200.0,True,True,57365.96948338369,True
7,382,생활,0.0,True,False,,True
7,383,생활,34200.0,False,True,,False
7,383,외식,0.0,True,False,,True
7,384,데이트,83800.0,True,True,80845.53597140186,True
7,384,모임,55500.0,True,True,51570.848345606784,True
7,385,모임,75000.0,True,True,79273.42915805426,True
7,385,생활,22000.0,False,True,,False
7,386,데이트,0.0,True,False,,True
7,386,생활,48700.0,True,True,41608.498329973685,True
7,387,모임,42500.0,False,True,,False
7,387,생활,0.0,True,True,38893.95021292032,True
7,388,데이트,0.0,True,False,,True
7,388,생활,76800.0,True,True,87804.67319313445,True
7,389,생활,22500.0,True,True,26737.49076587319,True
7,389,외식,14900.0,True,True,12600.885320503518,True
7,390,데이트,111800.0,True,True,124229.94582559538,True
7,390,생활,23100.0,True,True,28361.817310225124,True
7,391,데이트,0.0,True,False,,True
7,391,외식,19100.0,True,True,18949.460912884773,True
7,392,모임,29500.0,True,True,31149.665734838734,True
7,392,생활,0.0,True,False,,True
7,393,모임,58300.0,False,True,,False
7,393,외식,0.0,True,False,,True
7,394,생활,0.0,True,False,,True
7,394,외식,0.0,True,False,,True
7,395,모임,0.0,True,False,,True
7,395,외식,57000.0,True,True,65605.45099982724,True
7,396,생활,30100.0,True,False,,True
7,396,카페,74900.0,True,True,85883.44486051633,True
7,397,데이트,0.0,True,False,,True
7,397,외식,23700.0,True,True,23212.878230435243,True
7,398,데이트,59400.0,True,False,,True
7,398,모임,33600.0,True,True,34836.75545751318,True
7,399,데이트,98100.0,True,True,81029.29993730236,True
7,399,생활,32600.0,True,True,36478.43590751856,True
8,300,데이트,0.0,True,True,62105.51369756037,True
8,300,모임,0.0,True,False,,True
8,301,생활,35100.0,True,False,,True
8,301,외식,0.0,False,False,,False
8,302,외식,25900.0,False,True,,False
8,302,카페,13400.0,True,True,9692.296896352767,True
8,303,생활,37200.0,True,False,,True
8,303,외식,0.0,True,False,,True
8,304,데이트,82800.0,True,True,94084.78789300742,True
8,304,생활,0.0,True,False,,True
8,305,데이트,37900.0,True,True,40466.05348549035,True
8,305,모임,47800.0,False,True,,False
8,306,모임,0.0,True,False,,True
8,306,생활,37400.0,True,True,28295.533880763243,True
8,307,데이트,0.0,False,False,,False
8,307,자기관리,0.0,True,False,,True
8,308,생활,47500.0,True,True,44605.92069812615,True
8,308,외식,10800.0,True,True,9546.207385788774,True
8,309,데이트,97500.0,True,True,97855.4737571219,True
8,309,모임,61000.0,False,True,,False
8,310,모임,57000.0,True,False,,True
8,310,생활,23500.0,True,True,23347.2266892748,False
8,311,모임,0.0,True,False,,False
8,311,외식,0.0,True,False,,False
8,312,모임,46100.0,True,True,41177.98307089662,True
8,312,카페,28500.0,False,True,,False
8,313,데이트,74600.0,True,True,66232.69540064184,True
8,313,외식,25100.0,True,True,18745.494250778684,True
8,314,생활,40500.0,True,True,46406.301619073536,True
8,314,외식,32700.0,True,True,32324.2927658491,True
8,315,생활,0.0,True,False,,True
8,315,카페,33800.0,True,False,,True
8,316,생활,25800.0,True,True,23304.223759146244,True
8,316,외식,0.0,True,False,,True
8,317,데이트,82900.0,True,True,86166.28935139123,True
8,317,모임,70800.0,True,True,67402.76728637936,True
8,318,생활,25300.0,True,True,26758.84356002841,True
8,318,외식,19300.0,True,True,17203.725145786655,True
8,319,생활,28800.0,True,True,28440.402950959855,True
8,319,카페,15400.0,True,True,15323.39092710756,True
8,320,모임,0.0,True,False,,True
8,320,생활,35700.0,True,True,33542.90642725625,False
8,321,데이트,0.0,True,False,,True
8,321,생활,0.0,True,False,,True
8,322,생활,0.0,True,False,,True
8,322,외식,0.0,True,False,,True
8,323,생활,0.0,False,False,,False
8,323,외식,11600.0,False,True,,False
8,324,모임,60900.0,True,False,,True
8,324,생활,30800.0,True,True,33694.77888330331,True
8,325,모임,76300.0,True,True,90100.8927667597,True
8,325,생활,29700.0,False,True,,False
8,326,모임,0.0,False,False,,False
8,326,생활,42900.0,True,True,48333.15805120541,True
8,327,모임,0.0,True,False,,True
8,327,생활,25800.0,True,True,25962.659276236263,True
8,328,데이트,0.0,True,False,,True
8,328,생활,36500.0,True,True,39524.06184333151,True
8,329,데이트,83900.0,True,True,79825.87105751614,True
8,329,모임,0.0,True,False,,True
8,330,자기관리,0.0,True,False,,True
8,330,카페,7500.0,True,True,7607.751220881681,True
8,331,생활,30200.0,False,True,,False
8,331,외식,20600.0,True,False,,True
8,332,모임,0.0,True,False,,True
8,332,생활,55600.0,True,True,69295.3397091919,True
8,333,모임,0.0,True,False,,True
8,333,생활,0.0,False,False,,False
8,334,생활,0.0,True,False,,True
8,334,외식,44400.0,True,True,41886.937846096494,True
8,335,데이트,64000.0,True,True,64117.81595064467,True
8,335,생활,0.0,True,False,,True
8,336,모임,76300.0,True,True,74091.29147533316,True
8,336,생활,25500.0,True,True,28299.17734077293,True
8,337,외식,10400.0,True,True,11711.206994277003,True
8,337,카페,14800.0,False,True,,False
8,338,데이트,0.0,True,False,,True
8,338,외식,15400.0,True,True,14345.432708332635,True
8,339,데이트,89100.0,True,True,96322.09197301128,True
8,339,모임,64800.0,True,True,59144.5809344969,True
8,340,모임,0.0,True,False,,True
8,340,생활,26400.0,True,False,,False
8,341,생활,0.0,True,False,,True
8,341,외식,0.0,True,False,,True
8,342,데이트,43300.0,True,True,48267.81095098305,True
8,342,모임,81800.0,True,True,91523.63622798456,True
8,343,데이트,0.0,True,True,70995.96089045834,True
8,343,자기관리,0.0,True,False,,True
8,344,생활,42600.0,True,False,,True
8,344,외식,28000.0,True,True,28318.24612794516,True
8,345,생활,37600.0,False,True,,False
8,345,카페,58100.0,True,True,51738.90072226127,True
8,346,데이트,58500.0,True,True,53935.8755412011,True
8,346,생활,0.0,False,False,,False
8,347,데이트,63400.0,True,True,72929.05878377391,True
8,347,생활,36600.0,True,True,37222.99405103514,False
8,348,생활,52600.0,True,True,53129.47257674733,True
8,348,카페,4900.0,True,True,4462.22244125434,True
8,349,모임,65300.0,True,True,76413.8186110259,True
8,349,생활,30200.0,True,True,35698.282904304164,True
8,350,생활,85000.0,True,True,93603.19910153744,True
8,350,외식,0.0,True,True,18414.214341659444,True
8,351,생활,42200.0,True,True,49776.356780971015,True
8,351,외식,0.0,False,False,,False
8,352,생활,0.0,True,False,,True
8,352,카페,15000.0,True,True,14341.551429776777,True
8,353,모임,0.0,True,False,,True
8,353,생활,38600.0,True,True,46762.203641263724,True
8,354,데이트,74000.0,True,True,77518.43808150584,True
8,354,모임,41300.0,True,True,47852.24101481329,True
8,355,모임,0.0,True,False,,False
8,355,외식,20600.0,True,True,20577.12427390395,True
8,356,데이트,0.0,True,False,,False
8,356,생활,31200.0,False,True,,False
8,357,모임,0.0,True,False,,True
8,357,외식,94500.0,True,True,104005.04590014448,True
8,358,생활,32900.0,True,True,30967.80388003716,True
8,358,카페,12300.0,True,True,11888.520462837267,True
8,359,모임,66100.0,False,True,,False
8,359,생활,36300.0,False,True,,False
8,360,모임,57900.0,True,True,63258.64261387246,True
8,360,생활,0.0,True,False,,True
8,361,모임,0.0,True,False,,True
8,361,외식,9700.0,True,True,9698.804025509173,True
8,362,데이트,0.0,True,False,,True
8,362,자기관리,0.0,True,False,,True
8,363,데이트,61900.0,True,True,64418.33337851272,True
8,363,모임,85400.0,True,True,78465.95691642325,True
8,364,데이트,0.0,True,False,,True
8,364,모임,63900.0,True,True,65094.70215627668,True
8,365,모임,163800.0,True,True,193451.22563755565,True
8,365,생활,21200.0,True,False,,True
8,366,모임,0.0,True,False,,True
8,366,생활,0.0,True,False,,False
8,367,데이트,73600.0,True,True,79318.04310121066,False
8,367,생활,0.0,True,False,,True
8,368,모임,40300.0,True,True,33516.41593571689,True
8,368,생활,27600.0,True,True,25927.927661296944,True
8,369,생활,44800.0,True,True,47914.01116276958,True
8,369,외식,27800.0,False,True,,False
8,370,모임,0.0,True,False,,True
8,370,생활,25100.0,True,True,22209.39442383694,True
8,371,모임,0.0,True,False,,True
8,371,생활,47300.0,True,True,44459.52705151441,True
8,372,외식,40500.0,True,True,53673.72463995757,True
8,372,자기관리,0.0,True,False,,True
8,373,외식,0.0,True,False,,True
8,373,카페,7600.0,True,True,7247.226700247067,True
8,374,데이트,0.0,True,False,,True
8,374,생활,0.0,True,False,,True
8,375,생활,64200.0,True,False,,True
8,375,외식,0.0,True,False,,True
8,376,생활,32300.0,True,True,25468.583351255136,True
8,376,외식,31600.0,True,True,25174.744452018567,True
8,377,외식,59500.0,True,True,49657.95052256655,True
8,377,자기관리,0.0,True,False,,True
8,378,생활,0.0,True,False,,False
8,378,외식,0.0,True,False,,True
8,379,데이트,40900.0,False,True,,False
8,379,모임,59000.0,True,True,55276.18205593929,True
8,380,모임,43800.0,False,True,,False
8,380,외식,0.0,True,False,,True
8,381,모임,0.0,True,False,,True
8,381,생활,26700.0,True,True,30283.15915173753,False
8,382,모임,0.0,True,False,,True
8,382,생활,58100.0,True,True,58304.15857967986,True
8,383,모임,24400.0,False,True,,False
8,383,생활,29100.0,True,True,27432.838479299953,True
8,384,데이트,0.0,True,False,,True
8,384,모임,0.0,True,False,,True
8,385,모임,0.0,True,False,,True
8,385,생활,22200.0,False,True,,False
8,386,데이트,0.0,False,False,,False
8,386,생활,39700.0,True,True,45814.19814172922,True
8,387,데이트,73900.0,True,True,65211.836924769836,True
8,387,생활,46500.0,False,True,,False
8,388,데이트,84800.0,False,True,,False
8,388,외식,34100.0,True,True,34195.457000680435,True
8,389,생활,23700.0,True,True,19307.664257108685,True
8,389,외식,0.0,True,False,,True
8,390,데이트,156000.0,True,True,137824.77583371536,True
8,390,생활,0.0,True,False,,True
8,391,데이트,134800.0,True,True,150107.56419007442,True
8,391,모임,0.0,True,True,49233.61724132586,True
8,392,모임,0.0,True,False,,True
8,392,생활,40400.0,False,True,,False
8,393,모임,0.0,True,False,,True
8,393,외식,0.0,True,False,,True
8,394,생활,0.0,True,False,,False
8,394,외식,20500.0,True,True,22724.82942371729,True
8,395,모임,0.0,False,False,,False
8,395,외식,0.0,True,False,,True
8,396,모임,31500.0,True,True,34768.113236084726,True
8,396,생활,0.0,True,False,,False
8,397,데이트,130700.0,True,True,136559.0400916617,True
8,397,외식,0.0,True,False,,True
8,398,데이트,51100.0,True,False,,True
8,398,모임,0.0,True,False,,True
8,399,데이트,177900.0,False,True,,False
8,399,생활,0.0,True,False,,False
