사용주차,improvement,CI_low,CI_high
1,0.0,-1.3690203240699773e-16,1.4996365836233285e-16
2,-0.000703681427102648,-0.007577187525258099,0.007184397503824972
3,-0.003841711137319938,-0.014610072319525057,0.007234930647883761
4,-0.0023985915121003784,-0.018197593774123756,0.013417418173463142
5,-0.005644021846421963,-0.022467019144580883,0.010348988856591829
6,-0.018481115357259267,-0.04382971202882168,0.005260617765235731
7,-0.02962033564877601,-0.05542594688879646,-0.005262098809135836
8,0.01450275082195673,-0.008252404770316909,0.035826867978639744
9,-0.03469552383238286,-0.060667167316649756,-0.009131051123282136
10,-0.043412635169643506,-0.07521300610859664,-0.013666162609982293
11,-0.046603238437022715,-0.07250367890574279,-0.021045787892369112
12,-0.020255212872062663,-0.04904445582156489,0.009225087509831115
