bin_low,bin_high,count,mean_probability,observed_rate,absolute_gap
0.0,0.1,84,0.06597641214811241,0.09523809523809523,0.029261683089982823
0.1,0.2,316,0.15376305303013876,0.22468354430379747,0.07092049127365871
0.2,0.3,467,0.2532105624461103,0.3361884368308351,0.08297787438472481
0.3,0.4,567,0.35152333027029947,0.42151675485008816,0.06999342457978869
0.4,0.5,598,0.44980495287271294,0.5585284280936454,0.10872347522093251
0.5,0.6,598,0.5507446925750683,0.6153846153846154,0.06463992280954711
0.6,0.7,604,0.6481924620256442,0.6854304635761589,0.03723800155051471
0.7,0.8,676,0.7484532283040474,0.7884615384615384,0.04000831015749107
0.8,0.9,728,0.8521507553822509,0.8598901098901099,0.007739354507859009
0.9,1.0,1362,0.953565196483921,0.919970631424376,0.033594565059545056
