사용주차,개선폭,CI_low,CI_high
1,0.0,-1.1102230246251565e-16,0.0
2,0.004499813822078758,-0.006531674378311361,0.015872638274836346
3,-0.0008683764912774672,-0.015783395318882558,0.014508584347132739
4,0.0031399322597234214,-0.011982997287494537,0.01988857615245665
5,-0.016638945184043297,-0.03264445757605977,-0.000877140585812416
6,-0.014725266718099483,-0.03298632345688856,0.0023540916470597226
7,-0.0015286802210959793,-0.02265687963688007,0.020898585044207857
8,-0.02133497379590532,-0.0398851366130745,-0.0020326041746884433
9,0.0016268061203981166,-0.018935446670730376,0.02364310400610433
10,-0.0005059401407128128,-0.02001532920483142,0.021719213423853294
11,0.011184798101796511,-0.012202192114970622,0.036506331471214015
12,0.004257114183999655,-0.015347550416293631,0.02562555943460048
