사용주차,모델,조건,총액_WAPE,총액_정확도,카테고리_Macro_WAPE,발생_Brier,미질문_WAPE,구간_커버리지80,구간폭_중앙값,평가사용자,질문수,응답수
1,LightGBM,피드백 없음,0.40017434744372565,0.5998256525562744,0.8687650879934529,0.11364487103942447,0.5902210357324447,0.7,84989.5832523204,100,0,0
1,LightGBM,즉시 보정만,0.41440291938546614,0.5855970806145339,0.8240952323750189,0.10663038152827618,0.5902210357324447,0.68,68764.55433123706,100,200,164
1,LightGBM,지속 개인학습,0.41440291938546614,0.5855970806145339,0.8240952323750189,0.10663038152827618,0.5902210357324447,0.66,69623.32490174688,100,200,164
2,LightGBM,피드백 없음,0.4746268759436071,0.5253731240563929,0.9517486528187584,0.11239128798638574,0.6102250571741716,0.7,84114.53725606084,100,0,0
2,LightGBM,즉시 보정만,0.4006155645150662,0.5993844354849338,0.8668789283850549,0.10111760157694899,0.6102250571741716,0.65,74721.84209297627,100,200,167
2,LightGBM,지속 개인학습,0.39772321930445576,0.6022767806955442,0.8645564954527186,0.10127746874942707,0.6057252433520929,0.68,76895.45391124256,100,200,167
3,LightGBM,피드백 없음,0.42279240239085175,0.5772075976091482,0.8731087736232986,0.11426365951854008,0.6249994433738456,0.72,87597.35136414348,100,0,0
3,LightGBM,즉시 보정만,0.38266171499004537,0.6173382850099547,0.7984084823350466,0.10506477974630757,0.6249994433738456,0.69,76026.58032341689,100,200,166
3,LightGBM,지속 개인학습,0.3831996466049741,0.6168003533950259,0.7966938754601457,0.10498832332878158,0.6258678198651231,0.67,73303.2184485816,100,200,166
4,LightGBM,피드백 없음,0.4490823538115315,0.5509176461884685,0.90820857547841,0.11191743338547161,0.5786110898044301,0.71,84551.59053528785,100,0,0
4,LightGBM,즉시 보정만,0.3946428550858948,0.6053571449141052,0.8135281531742715,0.10329919149640253,0.5786110898044301,0.72,77810.83363173497,100,200,161
4,LightGBM,지속 개인학습,0.3904601830120528,0.6095398169879471,0.8143950129475888,0.10160514671786466,0.5754711575447067,0.72,74063.66675488303,100,200,161
5,LightGBM,피드백 없음,0.3522336957568469,0.6477663042431532,0.8121052610079548,0.11704017593964464,0.54130835981074,0.74,89383.77042871882,100,0,0
5,LightGBM,즉시 보정만,0.30116869082348474,0.6988313091765153,0.7359034489068818,0.11037490118540477,0.54130835981074,0.77,76944.41663014409,100,200,160
5,LightGBM,지속 개인학습,0.31445094102429305,0.685549058975707,0.7483152137360936,0.1103987682937756,0.5579473049947833,0.73,71220.62769630193,100,200,160
6,LightGBM,피드백 없음,0.39870786758095345,0.6012921324190466,0.8129222482592718,0.11713090086617951,0.5172326338983092,0.7,90325.54442907701,100,0,0
6,LightGBM,즉시 보정만,0.37082384276604474,0.6291761572339553,0.7656405757600556,0.11238525231356489,0.5172326338983092,0.65,76659.81771047605,100,200,170
6,LightGBM,지속 개인학습,0.38105548969596215,0.6189445103040379,0.7771199412631261,0.1117909890899058,0.5319579006164087,0.65,72067.81975838922,100,200,170
7,LightGBM,피드백 없음,0.38644406043646706,0.6135559395635329,0.8582492355823492,0.10884971707471651,0.5691836451794976,0.75,88805.95887415612,100,0,0
7,LightGBM,즉시 보정만,0.322050327827746,0.677949672172254,0.7797561970026535,0.09966821929700434,0.5691836451794976,0.77,80383.38573081125,100,200,163
7,LightGBM,지속 개인학습,0.3300377790912106,0.6699622209087894,0.7944770171849391,0.09871211989982154,0.5707123254005936,0.76,75640.1206925345,100,200,163
8,LightGBM,피드백 없음,0.3674208068843119,0.6325791931156881,0.8899350982761823,0.10725094724570551,0.5592767060913997,0.78,91779.69885016177,100,0,0
8,LightGBM,즉시 보정만,0.3261329233352689,0.6738670766647311,0.8093061204041384,0.09326984686329719,0.5592767060913997,0.76,77439.54900515577,100,200,164
8,LightGBM,지속 개인학습,0.3364126057726363,0.6635873942273637,0.8345113377093117,0.09322107213672412,0.580611679887305,0.7,72909.67051743896,100,200,164
9,LightGBM,피드백 없음,0.43655505511994747,0.5634449448800525,0.917869245295126,0.11457410370826428,0.5859210647573603,0.69,88533.77247276418,100,0,0
9,LightGBM,즉시 보정만,0.4579145613564263,0.5420854386435737,0.8850722319013766,0.10805978882214279,0.5859210647573603,0.64,73886.45458338251,100,200,172
9,LightGBM,지속 개인학습,0.4549688698046062,0.5450311301953938,0.9051818357118994,0.10763054043078224,0.5842942586369622,0.68,70725.07846851321,100,200,172
10,LightGBM,피드백 없음,0.3833056419120569,0.6166943580879432,0.8877391814031316,0.11293127914559489,0.5515786079739979,0.74,88682.55281913938,100,0,0
10,LightGBM,즉시 보정만,0.3672253957851582,0.6327746042148418,0.8004634888326035,0.09945045130115297,0.5515786079739979,0.75,73856.54691328506,100,200,176
10,LightGBM,지속 개인학습,0.35891793225015073,0.6410820677498492,0.81979343792539,0.09925786657439857,0.5520845481147107,0.74,66937.11703803815,100,200,176
11,LightGBM,피드백 없음,0.4022040658944158,0.5977959341055842,0.8344116651244502,0.12123582735759267,0.5710142290006851,0.78,89151.56165832246,100,0,0
11,LightGBM,즉시 보정만,0.37279697860501304,0.627203021394987,0.7755065830211866,0.11522568092690985,0.5710142290006851,0.74,78887.67428232275,100,200,166
11,LightGBM,지속 개인학습,0.3771485413138102,0.6228514586861897,0.7854716107720785,0.11406772444897699,0.5598294308988886,0.75,75593.13284283676,100,200,166
12,LightGBM,피드백 없음,0.40567382419268977,0.5943261758073102,0.9002374510006744,0.11419868910762704,0.614353825817697,0.74,86680.06988316652,100,0,0
12,LightGBM,즉시 보정만,0.3810830039599693,0.6189169960400307,0.8184284742660798,0.09742898247320682,0.614353825817697,0.73,74853.27023357339,100,200,163
12,LightGBM,지속 개인학습,0.3873209799750024,0.6126790200249976,0.8408688989987827,0.09883199264567699,0.6100967116336974,0.7,71188.3028920579,100,200,163
