arm,week,wape,coverage,width
hier,1,0.6310115959194776,0.9325337331334332,2.063610458596889
hier,2,0.4797273988869838,0.8336566440349176,1.5755754715570414
hier,3,0.47200383296968806,0.8138817480719794,1.3911164889986507
hier,4,0.43435098399710903,0.8055276381909547,1.259049963266494
hier,5,0.4127468363913191,0.7996926229508197,1.1704006405292136
hier,6,0.399863341878362,0.808446455505279,1.1378104156171083
hier,7,0.39965397082861964,0.8136363636363636,1.111501831685914
hier,8,0.4432818736430466,0.8,1.0837719496398832
hier,9,0.4198390572386348,0.8239024390243902,1.0628214623968115
hier,10,0.42808097969451453,0.7967323402210476,1.0356719327757453
hier,11,0.4212699449873209,0.8033550792171482,1.0156748352756106
hier,12,0.4449329761975555,0.7869649805447471,0.994111397971746
hier,13,0.4415387442049838,0.816125860373648,0.9811109380674591
hier,14,0.4396825807153781,0.8139754485363551,0.9613790055415173
hier,15,0.3849009687255254,0.8190255220417634,0.9461816487076656
hier,16,0.44642399612036165,0.8075072184793071,0.932820833524602
hier,17,0.4402306694924313,0.8165007112375533,0.9246063211819509
hier,18,0.4200357294783024,0.8026251823043267,0.9098795915582457
hier,19,0.3808444713349552,0.8197896749521989,0.90749212605438
hier,20,0.4153810307358587,0.8146201624462494,0.9134102093120614
hier,21,0.39304105829233094,0.7935735150925024,0.9107692217939805
hier,22,0.43602095222534404,0.8049853372434017,0.9143453601214768
hier,23,0.3907023635885231,0.8240343347639485,0.9131744423175883
hier,24,0.433449327307147,0.800895968143355,0.9120379016888529
hier,25,0.41327222211365316,0.7993147332354381,0.9149780810591212
hier,26,0.415668273278663,0.8209393346379648,0.9174580855834252
personal,1,1.0,0.0,
personal,2,0.504608072501457,0.6605237633365665,1.386431861709955
personal,3,0.47610976435486957,0.7305912596401029,1.23192058062331
personal,4,0.4550437358087078,0.7467336683417085,1.1160265601653376
personal,5,0.40757540771572587,0.7904713114754098,1.0501452982351576
personal,6,0.39634691886656503,0.8029160382101559,1.0198930429715385
personal,7,0.3919819593199891,0.803030303030303,0.9972658256632693
personal,8,0.43853055793508555,0.7856801909307876,0.9767804624260066
personal,9,0.4204778980808889,0.8043902439024391,0.9689635907330166
personal,10,0.4210305647405996,0.7827967323402211,0.9509091032811051
personal,11,0.4045095581580759,0.7945013979496738,0.946849617834089
personal,12,0.4477873518952345,0.7762645914396887,0.9397107941485999
personal,13,0.4451263606717294,0.7979351032448377,0.9398498951096884
personal,14,0.4353203900816046,0.7974504249291785,0.9462270629756059
personal,15,0.37537051599241106,0.8023201856148492,0.9463347558542473
personal,16,0.45018908064101987,0.7921077959576516,0.9426075555441898
personal,17,0.4399083687926889,0.8108108108108109,0.9547465437314613
personal,18,0.41917985769865396,0.806028196402528,1998.6855926710957
personal,19,0.37512406561970973,0.8202676864244742,3242.684006592802
personal,20,0.4101223511559651,0.820831342570473,4693.146535930991
personal,21,0.400912827112944,0.7945472249269717,6782.266121404059
personal,22,0.42982843590663017,0.804496578690127,9959.799617712799
personal,23,0.39624255854259105,0.8288030519790176,6.077083356474094e+18
personal,24,0.429983109561588,0.8033847685415629,2.461764791161848e+19
personal,25,0.400521399906432,0.8022515907978464,4.696736725482468e+19
personal,26,0.41450152520049294,0.821917808219178,1.5013570748137475e+20
prior,1,0.6310115959194776,0.9325337331334332,2.063610458596889
prior,2,0.6229327433129511,0.9296799224054316,2.063610458596889
prior,3,0.6254546205679566,0.9213367609254499,2.063610458596889
prior,4,0.6190166324417065,0.9321608040201005,2.063610458596889
prior,5,0.6191834512122713,0.9375,2.063610458596889
prior,6,0.6133020897081619,0.9215686274509803,2.063610458596889
prior,7,0.6121593368376179,0.9368686868686869,2.063610458596889
prior,8,0.6515343843312369,0.9312649164677804,2.063610458596889
prior,9,0.631356533335553,0.9395121951219512,2.063610458596889
prior,10,0.6413495797469086,0.9221528111484864,2.063610458596889
prior,11,0.6477768367659088,0.9231127679403541,2.063610458596889
prior,12,0.6390360233677448,0.916828793774319,2.063610458596889
prior,13,0.6209384479343835,0.9380530973451328,2.063610458596889
prior,14,0.6484184645846442,0.9263456090651558,2.063610458596889
prior,15,0.6368793208993689,0.9317865429234339,2.063610458596889
prior,16,0.6402309702929717,0.931665062560154,2.063610458596889
prior,17,0.6375780694764499,0.9250829777145566,2.063610458596889
prior,18,0.6182174658317062,0.9197860962566845,2.063610458596889
prior,19,0.626034388047351,0.9220841300191205,2.063610458596889
prior,20,0.6406542195654682,0.924988055422838,2.063610458596889
prior,21,0.5986744891857204,0.9225900681596884,2.063610458596889
prior,22,0.6596851206953801,0.9237536656891495,2.063610458596889
prior,23,0.6130845766797434,0.9322842155460181,2.063610458596889
prior,24,0.6470060889947198,0.929318068690891,2.063610458596889
prior,25,0.6266395906782077,0.924620655898189,2.063610458596889
prior,26,0.6319423363443286,0.9315068493150684,2.063610458596889
