모델,WAPE,MASE,WQL,커버리지80,변화WAPE,구간폭_중앙,초,R0대비
R0  개인 과거 평균 (현재 방식),0.13698798219833125,0.11265952127138629,0.09556839061997675,0.6568,1.0321420249094522,91772.5,0.0,0.0
R1a 계절 naive (직전 달),0.13272202748487927,0.10915118128367043,0.12292073705483093,0.882,1.0,295222.0,0.0,0.03114108730556911
R1b 과거 중앙값,0.1354719237353175,0.11141270809900683,0.09506303779897217,0.6568,1.0207192152090316,91772.5,0.0,0.011067090986264789
R2a Croston,0.1425668869883305,0.1172476371978622,0.12819337310819146,0.857,1.0741765303771662,317525.718,0.0,-0.040725505263097574
R2b SBA,0.19072354770276254,0.15685188754926696,0.13482432221909482,0.8498,1.4370150254409826,269896.8603,0.0,-0.39226481507431005
R2c ETS,0.1318490823622966,0.10843326736138219,0.12209918336690094,0.8528,0.9934227562739567,302672.0261316628,5.0,0.037513508510509774
R3  선형 회귀 (log),0.6027843920325151,0.4957325449025707,0.4336963025304516,0.4396,4.54170572478023,157853.11695404578,0.3,-3.4002720702886453
R4a LightGBM 단일,0.17220813474053476,0.14162473019580962,0.14299433224613614,0.6786,1.297509825640315,281358.2754610784,0.3,-0.2571039588802159
R4b LightGBM 분위,0.1327835764580472,0.10920179943090182,0.09053834989371216,0.7522,1.000463743466961,141043.16760954983,0.9,0.03069178531440014
R4c XGBoost 분위,0.13190958924327495,0.10848302848739672,0.09008905147846816,0.7784,0.9938786480511167,158497.34375,1.0,0.03707181369898419
R5  LightGBM 허들 2단 + 분위,0.12987578658726256,0.10681042020519647,0.0901420729242784,0.7284,0.9785548717755916,116740.7282399293,1.1,0.05191839091966217
R6  + 계층 shrinkage,0.1297347744544058,0.1066944512046596,0.09003924172669459,0.727,0.9774924096091449,116422.09904185988,2.1,0.052947766859024636
R7  + CQR,0.13002436367586678,0.10693261065873431,0.08856470872940514,0.8014,0.9796743324364917,151320.7792317333,2.0,0.05083379148093835
R9  금액+주기 동시 (marked process),0.17587080418297577,0.14463692571353998,0.12395967317320378,0.873,1.3251063709301183,304037.73715820035,0.8,-0.2838411177438175
R8  Chronos-2 zero-shot (MPS),0.13650581657303987,0.11226298613270383,0.0973476715892279,0.835,1.028509126630029,181619.359375,8.5,0.0035197658769314617
