카테고리,원본컬럼,인접월_상관평균,로그금액_ICC근사,0원비율,양수금액_중앙값
쇼핑,이용금액_쇼핑,0.9626771212956866,0.9588432549965116,0.37372222222222223,383855.0
외식,이용금액_요식,0.9006076031098157,0.835341103914775,0.7326611111111111,54650.0
교통,이용금액_교통,0.9831922360266804,0.9550638080136589,0.48435555555555554,171255.0
자기관리,이용금액_의료,0.7105620170328498,0.8054420900780112,0.7255444444444444,92168.5
고정납부,이용금액_납부,0.9852125042563216,0.9644162406554173,0.50255,170147.0
교육,이용금액_교육,0.7842556263996371,0.7839241097275647,0.9192166666666667,1007425.0
여가,이용금액_여유생활,0.8792661890502149,0.7804263371140846,0.8185333333333333,88331.5
모임,이용금액_사교활동,0.9668431021157478,0.9461638184247076,0.4698,168952.5
생활,이용금액_일상생활,0.9693791026438678,0.9571303839829844,0.7802444444444444,37889.5
