사용주차,모델,WAPE,WAPE기반정확도,편향,평가행,평가사용자,학습행
1,최근 평균 + 캘린더,0.6329660585512145,0.36703394144878554,0.22789502551559693,2000,100,7200
1,Ridge,0.39981313706574434,0.6001868629342557,0.010049963880244482,2000,100,7200
1,Random Forest,0.400825358476632,0.5991746415233681,0.008149234790615405,2000,100,7200
1,LightGBM,0.38858648568190324,0.6114135143180968,-0.0707211979115346,2000,100,7200
1,KB Tune Hybrid,0.3996914038392609,0.6003085961607391,-0.07412924155774418,2000,100,7200
1,KB Tune Bayesian,0.436930293441701,0.563069706558299,-0.06470559793546125,2000,100,7200
2,최근 평균 + 캘린더,0.5547532681451485,0.44524673185485153,0.2254662511272212,2000,100,7200
2,Ridge,0.39700118843198173,0.6029988115680183,0.004916037820120619,2000,100,7200
2,Random Forest,0.40235637359572424,0.5976436264042757,0.0071790729323200474,2000,100,7200
2,LightGBM,0.38726769621458684,0.6127323037854131,-0.07107846570267684,2000,100,7200
2,KB Tune Hybrid,0.4033040489543143,0.5966959510456857,-0.07435928295588726,2000,100,7200
2,KB Tune Bayesian,0.4258914906794488,0.5741085093205511,-0.026538862185975762,2000,100,7200
3,최근 평균 + 캘린더,0.5262534670920908,0.47374653290790925,0.2257161655539731,2000,100,7200
3,Ridge,0.39222293049945944,0.6077770695005406,0.0031345437508938307,2000,100,7200
3,Random Forest,0.39956678249338623,0.6004332175066138,0.005642242349697014,2000,100,7200
3,LightGBM,0.38911474565885634,0.6108852543411436,-0.07413909281372774,2000,100,7200
3,KB Tune Hybrid,0.4107856917969831,0.5892143082030169,-0.06107031351470471,2000,100,7200
3,KB Tune Bayesian,0.4170080786326504,0.5829919213673496,-0.018498399516938546,2000,100,7200
4,최근 평균 + 캘린더,0.5094344868008694,0.49056551319913055,0.22557745291154652,2000,100,7200
4,Ridge,0.3902003704496514,0.6097996295503486,0.0006490958215631344,2000,100,7200
4,Random Forest,0.3985221503210068,0.6014778496789932,0.004079047885383739,2000,100,7200
4,LightGBM,0.3873297162347574,0.6126702837652426,-0.07269108790120009,2000,100,7200
4,KB Tune Hybrid,0.4093788309170654,0.5906211690829346,-0.06223433293302486,2000,100,7200
4,KB Tune Bayesian,0.4091687770411652,0.5908312229588348,-0.007555257928073733,2000,100,7200
5,최근 평균 + 캘린더,0.501344151568032,0.498655848431968,0.22540178884287015,2000,100,7200
5,Ridge,0.39132753744258875,0.6086724625574113,0.0010623232177859676,2000,100,7200
5,Random Forest,0.39719850851838995,0.60280149148161,0.002908969592276314,2000,100,7200
5,LightGBM,0.38643625772394746,0.6135637422760525,-0.07536751206841226,2000,100,7200
5,KB Tune Hybrid,0.40886187731917095,0.591138122680829,-0.058089775607626515,2000,100,7200
5,KB Tune Bayesian,0.40617633004441117,0.5938236699555888,-0.012111216359112324,2000,100,7200
6,최근 평균 + 캘린더,0.49565560112383306,0.5043443988761669,0.2259426233543439,2000,100,7200
6,Ridge,0.3898736187207453,0.6101263812792548,-0.0001720628826930769,2000,100,7200
6,Random Forest,0.39686680134549446,0.6031331986545055,0.006180308993691732,2000,100,7200
6,LightGBM,0.38493663467802924,0.6150633653219708,-0.07519261707959327,2000,100,7200
6,KB Tune Hybrid,0.4052331304718132,0.5947668695281868,-0.06320946278302676,2000,100,7200
6,KB Tune Bayesian,0.40283483298701717,0.5971651670129828,-0.01329003168979035,2000,100,7200
7,최근 평균 + 캘린더,0.4909626210591523,0.5090373789408478,0.22619762625560175,2000,100,7200
7,Ridge,0.3877489600405987,0.6122510399594012,-0.001289707861279978,2000,100,7200
7,Random Forest,0.3931750474875978,0.6068249525124022,0.00550803820430114,2000,100,7200
7,LightGBM,0.3824901002519948,0.6175098997480052,-0.0718054987162247,2000,100,7200
7,KB Tune Hybrid,0.40381599261202933,0.5961840073879707,-0.056021447142004195,2000,100,7200
7,KB Tune Bayesian,0.40025937080832596,0.599740629191674,-0.011416381077370833,2000,100,7200
8,최근 평균 + 캘린더,0.4861190345600087,0.5138809654399913,0.22614982355404378,2000,100,7200
8,Ridge,0.3862821102821729,0.613717889717827,-0.001512750320623912,2000,100,7200
8,Random Forest,0.3920518188241868,0.6079481811758132,0.005907492884305277,2000,100,7200
8,LightGBM,0.3798400131210134,0.6201599868789867,-0.06960714836982142,2000,100,7200
8,KB Tune Hybrid,0.39388304754506775,0.6061169524549322,-0.05950502302865556,2000,100,7200
8,KB Tune Bayesian,0.39928247721931487,0.6007175227806851,-0.002206502289415045,2000,100,7200
