사용주차,모델,WAPE,WAPE기반정확도,커버리지80,발생정밀도
1,R1 개인 발생×금액,0.5066703061816983,0.4933296938183017,0.7685,0.7679975801572898
1,R2 + 캘린더,0.436930293441701,0.563069706558299,0.783,0.7896303646737782
2,R1 개인 발생×금액,0.48335777247109063,0.5166422275289093,0.777,0.7854497354497354
2,R2 + 캘린더,0.4258914906794488,0.5741085093205511,0.7765,0.8019977802441731
4,R1 개인 발생×금액,0.4604636194641301,0.5395363805358699,0.786,0.8006304176516943
4,R2 + 캘린더,0.4091687770411652,0.5908312229588348,0.78,0.8144965851509143
6,R1 개인 발생×금액,0.45446726517280295,0.545532734827197,0.803,0.8073273589878756
6,R2 + 캘린더,0.40283483298701717,0.5971651670129828,0.787,0.8201280070624586
8,R1 개인 발생×금액,0.44685480365407265,0.5531451963459273,0.8005,0.8186472648881703
8,R2 + 캘린더,0.39928247721931487,0.6007175227806851,0.786,0.8298876404494382
12,R1 개인 발생×금액,0.44341128664988333,0.5565887133501166,0.8035,0.8230584467574059
12,R2 + 캘린더,0.3958308985615706,0.6041691014384294,0.7815,0.8334819438252341
16,R1 개인 발생×금액,0.4394218870718827,0.5605781129281173,0.824,0.8209380668566987
16,R2 + 캘린더,0.3895821327078783,0.6104178672921217,0.792,0.8315217391304348
20,R1 개인 발생×금액,0.4381546969411211,0.5618453030588789,0.821,0.8197358197358198
20,R2 + 캘린더,0.39035904502818447,0.6096409549718156,0.7875,0.8305084745762712
26,R1 개인 발생×금액,0.4320087978472108,0.5679912021527892,0.8115,0.8188387739845502
26,R2 + 캘린더,0.3842655622970776,0.6157344377029224,0.7775,0.8294068153134203
32,R1 개인 발생×금액,0.4270499011878017,0.5729500988121983,0.818,0.8170763260025873
32,R2 + 캘린더,0.3802443410248949,0.6197556589751051,0.7855,0.8282674772036475
